"county_fips","precinct_id","dem","gop","lib"
"001","4b",23,647,2
"001","3a1",20,587,4
"001","3c",288,843,4
"001","1b",116,870,7
"001","2",908,531,9
"001","5a",118,697,5
"001","4d",130,1048,1
"001","1c",44,594,2
"001","5b",132,709,2
"003","pearson-city",329,229,6
"003","axson",45,479,3
"003","pearson-county",160,1026,11
"003","willacoochee",291,566,10
"005","douglas",625,4018,25
"007","hoggards-mill",111,120,3
"007","elmodel",148,141,0
"007","anna",31,93,0
"007","milford",69,137,0
"007","newton",293,406,3
"009","city-hall-annex",331,153,6
"009","north-milledgeville",859,793,22
"009","north-baldwin",810,1891,24
"009","courthouse",169,113,6
"009","east-hardwick",520,140,12
"009","west-hardwick",1421,400,22
"009","west-baldwin",604,731,19
"009","south-milledgeville",583,179,9
"009","coopers",320,784,10
"009","boddie",547,134,6
"009","east-baldwin",1159,1581,28
"009","scottsboro",275,426,8
"009","meriweather",831,1366,26
"009","fire-dept",711,212,10
"011","grove-river",33,387,4
"011","berlin",29,266,0
"011","hollingsworth",53,432,3
"011","anderson",100,901,12
"011","poplar-springs",113,1121,15
"011","baldwin",103,528,6
"011","washington",53,438,4
"011","bushville",42,468,3
"011","homer",108,957,6
"011","golden-hill",80,538,7
"011","columbia",20,258,0
"011","wilmonts",32,394,3
"011","davids",166,1107,11
"013","13-winder-community-center",2036,3664,108
"013","02-bethlehem-church-211",966,4033,72
"013","04-covenant-life-sanctuary",624,1904,54
"013","08-first-baptist-church-winder",1114,3784,86
"013","05-fire-station-1-statham",1743,4198,70
"013","16-the-church-at-winder",2467,4395,160
"013","03-hmong-new-hope-alliance-church",943,3098,74
"013","01-bethlehem-community-center",560,1728,40
"015","folsom",113,897,8
"015","center",568,2312,48
"015","adairsville",908,3819,73
"015","cartersville-east",1527,2810,65
"015","hamilton-crossing",921,3228,45
"015","white",275,1648,32
"015","allatoona",696,1997,31
"015","cassville",1019,2259,53
"015","kingston",305,1550,27
"015","euharlee",853,2859,69
"015","cartersville-west",1776,4030,61
"015","pine-log",189,1369,25
"015","woodland",297,961,21
"015","emerson",414,1582,29
"015","zena-drive",1314,2422,64
"015","taylorsville",206,1861,25
"015","mission-road",711,2070,25
"017","west",1210,2861,38
"017","east",1182,1249,20
"019","west-berrien",67,706,7
"019","ray-city",216,1062,12
"019","alapaha",206,622,5
"019","enigma",86,636,6
"019","nashville",694,3393,25
"021","howard-2",929,1734,35
"021","hazzard-4",1618,2112,37
"021","east-macon-4",1309,95,9
"021","howard-6",736,878,18
"021","godfrey-2",795,98,8
"021","vineville-2",939,291,21
"021","vineville-1",1509,670,37
"021","godfrey-4",826,139,7
"021","rutland-2",863,1590,26
"021","hazzard-3",3284,1201,31
"021","vineville-3",1601,153,19
"021","hazzard-1",1676,232,21
"021","hazzard-2",1606,1215,34
"021","vineville-5",818,913,30
"021","east-macon-1",929,47,11
"021","vineville-6",1180,937,39
"021","howard-4",625,577,22
"021","howard-5",917,535,14
"021","godfrey-3",1543,175,8
"021","howard-3",2233,2397,55
"021","godfrey-1",2987,326,29
"021","warrior-1",675,1300,16
"021","rutland-1",1784,2559,28
"021","howard-1",992,1727,21
"021","east-macon-3",1563,570,23
"021","east-macon-5",1264,379,16
"021","east-macon-2",2169,157,27
"021","godfrey-5",2328,301,30
"021","warrior-2",877,1573,23
"021","vineville-4",2042,283,23
"021","howard-7",851,1421,31
"023","fairground",1311,4328,67
"025","nahunta",268,2522,17
"025","waynesville",267,2259,22
"025","hoboken",164,2210,17
"027","nankin",86,421,2
"027","pavo",122,314,2
"027","dixie",395,363,4
"027","barwick",67,181,0
"027","morven",399,925,10
"027","quitman",1406,908,17
"027","briggs",315,1148,15
"029","keller",1017,2205,43
"029","ways-station",536,717,21
"029","public-safety-complex",635,937,41
"029","black-creek",393,1442,21
"029","danielsiding",435,1213,29
"029","jf-gregory-park",573,1654,35
"029","ellabell",302,1300,17
"029","rh-rec-complex",888,1137,47
"029","pembroke",567,1111,32
"029","hwy-144-east",1393,2528,71
"031","nevils",169,740,12
"031","blitch",398,1129,12
"031","emit",757,1620,49
"031","stilson",236,1193,11
"031","portal",309,839,10
"031","statesboro",2074,1907,59
"031","brooklet",565,1880,35
"031","bay",203,987,12
"031","lockhart",150,385,3
"031","pittman-park",1725,992,75
"031","church",1988,1737,63
"031","sinkhole",60,298,2
"031","leefield",112,630,13
"031","hagin",575,1079,14
"031","register",217,411,10
"031","fair",1705,2559,75
"033","midville",181,122,2
"033","keysville",141,119,3
"033","four-points",503,1086,10
"033","greenscut",271,412,4
"033","gough",189,116,2
"033","scotts-crossroads",128,63,0
"033","blakeney",237,165,1
"033","telfair",315,378,6
"033","vidette",105,105,2
"033","girard",242,232,3
"033","north-waynesboro",1296,482,9
"033","sardis",257,392,4
"033","south-waynesboro",1007,1281,26
"033","alexander",113,158,1
"033","st-clair",143,173,0
"033","munnerlyn",81,116,2
"035","butts-county-admin-bldg",3272,8405,91
"037","morgan",144,350,2
"037","arlington",348,121,2
"037","edison-arlington",234,161,1
"037","leary",291,227,5
"037","edison",243,64,1
"039","mush-bluff",639,1308,44
"039","west-st-marys",708,1786,33
"039","harrietts-bluff",299,1075,25
"039","woodbine",540,842,14
"039","east-kingsland",1604,2825,100
"039","west-kingsland",497,1355,39
"039","north-st-marys",387,555,36
"039","north-kingsland",804,747,38
"039","browntown",74,384,14
"039","kingsland",485,763,29
"039","tarboro",192,490,7
"039","st-marys",845,1222,61
"039","waverly",347,886,9
"039","south-st-marys",546,1013,21
"043","jack-strickland-comm-center",1269,3134,29
"045","roopville",334,1865,29
"045","sandhill",765,2053,33
"045","county-admin-bldg",739,994,42
"045","villa-rica-city",2140,2067,84
"045","v-r-county-south",417,1490,19
"045","lakeshore-rec-center",440,590,15
"045","bonner",1035,1327,36
"045","mt-zion",293,1452,15
"045","university-of-w-ga",596,667,25
"045","whitesburg",204,1239,18
"045","temple-county",506,2154,38
"045","fairfield",782,2151,26
"045","temple-city",774,1527,32
"045","center-point",163,1188,10
"045","burwell",188,886,11
"045","bethany",1066,1585,50
"045","burson-center",337,638,9
"045","old-camp-church",437,1216,24
"045","hulett",309,1401,30
"045","west-carrollton",1429,802,46
"045","tyus",188,1168,9
"045","v-r-county-north",1030,2358,51
"045","bowdon",493,1483,19
"045","tabernacle-church",407,708,25
"045","kansas",68,787,6
"045","oak-grove",254,847,19
"045","clem",617,2095,33
"045","bowdon-junction",227,738,6
"047","ringgold",1327,4080,82
"047","chambers",351,1641,34
"047","ft-oglethorpe",701,1989,33
"047","blackstock",208,1088,19
"047","catoosa-keith",329,1532,39
"047","woodstation",393,1852,30
"047","boynton",996,3501,70
"047","westside",902,2958,57
"047","poplar-springs",582,2433,43
"047","graysville",658,2439,51
"047","lakeview",485,1654,36
"049","winokur",18,205,1
"049","american-legion",54,535,6
"049","folkston-fire",60,486,8
"049","folkston",844,711,22
"049","racepond",20,194,1
"049","st-george",22,418,1
"049","ga-bend",21,332,2
"049","homeland",64,538,3
"051","hellenic-center",827,172,19
"051","carver-heights-comm-ctr",989,14,7
"051","garden-city-rec-center",745,78,0
"051","skidaway-island-pres-church",739,1375,19
"051","bloomingdale-comm-ctr",366,1387,19
"051","st-francis-episcopal-church",601,1125,36
"051","the-sanctuary",414,589,14
"051","christ-community-church",1347,220,22
"051","savannah-high-school",537,64,8
"051","thunderbolt-muni-complex",629,528,18
"051","white-bluff-presbyterian",754,402,24
"051","first-baptist-of-the-island",531,1226,28
"051","guard-house-comm-ctr",471,674,17
"051","st-peters-episcopal",618,1353,16
"051","lighthouse-baptist-church",608,1222,23
"051","blackshear-community-center",713,161,21
"051","eli-whitney-complex",361,278,8
"051","williams-court-apts",823,123,26
"051","largo-tibet-elementary",1332,398,22
"051","progressive-rec-center",1652,900,58
"051","wilmington-island-umc",907,1568,28
"051","stillwell-towers",839,163,12
"051","tatumville-community-center",1910,102,26
"051","pooler-city-hall",1087,1030,38
"051","st-thomas-episcopal-church",300,626,17
"051","w-w-law-center",707,115,25
"051","first-presbyterian-church",1597,952,32
"051","oglethorpe-charter-academy",1186,344,6
"051","resur-of-our-lord-church",867,36,7
"051","woodville-tompkins-ti",320,17,1
"051","tybee-island-school-cafe",489,772,10
"051","garden-city-senior-ctr",408,496,10
"051","southside-baptist-church",707,162,12
"051","bartlett-middle-school",456,155,10
"051","windsor-hall",790,436,32
"051","the-light-church",474,442,18
"051","coastal-cathedral",3374,1629,70
"051","beach-high-school",526,114,12
"051","pooler-church",1369,933,49
"051","temple-mickve-israel",709,410,13
"051","civic-center",267,64,6
"051","holy-spirit-lutheran-church",1123,135,22
"051","windsor-forest-baptist",771,996,32
"051","skidaway-island-state-park",572,992,11
"051","jea-building",949,595,32
"051","first-african-baptist-church",798,63,10
"051","senior-citizens-center",350,51,10
"051","station-1",791,261,16
"051","skidaway-island-baptist",554,948,9
"051","savannah-primitive-bc",817,304,16
"051","bible-baptist-church",1369,220,20
"051","trinity-lutheran-church",1261,977,35
"051","station-3",1557,1367,60
"051","lake-shore-comm-ctr",1464,441,22
"051","woodlawn-baptist-church",433,311,9
"051","savannah-holy-c-of-g",979,705,26
"051","islands-christian-church",860,1666,35
"051","old-courthouse",176,122,4
"051","pb-edwards-gym",244,510,14
"051","compassion-christian-church",488,785,19
"051","crusader-comm-center",1170,772,25
"051","seventh-day-adv-church",2508,1464,84
"051","tompkins-rec-center",509,26,7
"051","savannah-christian",140,268,9
"051","cokesbury-methodist",222,296,12
"051","new-cov-7-day-adv-ch",845,525,14
"051","southside-fire-trng-ctr",775,1289,27
"051","christ-memorial-baptist-church",912,334,16
"051","isle-of-hope-baptist",544,1080,16
"051","butler-presbyterian-church",550,22,5
"051","immanuel-baptist-church",265,181,5
"051","rothwell-baptist-church",1036,1581,36
"051","moses-jackson-center",672,23,11
"051","pooler-recreation-center-gymnasium",1231,1437,38
"051","silk-hope-baptist-church",164,304,5
"051","aldersgate-youth-center",884,300,21
"051","salvation-army",1742,256,27
"051","royal-cinemas-and-imax",1151,1000,36
"051","central-church-of-christ",704,854,29
"051","bamboo-farms",2091,994,50
"051","fellowship-of-love-church",1647,129,23
"051","ferguson-ave-baptist",589,1497,24
"051","frank-murray-comm-center",647,1044,26
"051","grace-united-methodist-church",587,628,10
"051","wilmington-island-pres-church",669,1497,35
"051","eli-whitney-complex",335,65,7
"051","jenkins-high-school",565,217,10
"051","w-broad-st-ymca",639,36,12
"051","rice-creek-school",974,546,30
"051","liberty-city-comm-ctr",1593,54,9
"051","seed-church",1054,197,23
"051","butler-elementary",938,17,6
"053","activity-center",667,880,35
"055","teloga",46,412,2
"055","dirtseller",19,113,0
"055","dirttown",114,598,8
"055","alpine",109,551,3
"055","trion",368,2007,38
"055","summerville",845,2643,49
"055","cloudland",70,225,3
"055","coldwater",62,131,2
"055","seminole",10,94,2
"055","subligna",37,348,0
"055","pennville",51,305,3
"055","haywood",15,100,1
"055","lyerly",108,537,21
"057","hightower",438,2308,42
"057","air-acres",943,1512,47
"057","booth",1009,2049,57
"057","oak-grove",770,1847,43
"057","neese",2179,3295,104
"057","clayton",790,2864,74
"057","liberty",1996,3870,128
"057","conns-creek",64,616,6
"057","kellogg",1268,2380,79
"057","mountain-road",653,1755,46
"057","little-river",2310,3584,93
"057","bascomb",981,2158,57
"057","hillside",735,1799,31
"057","waleska",524,1709,20
"057","sutallee",324,1696,24
"057","hickory-flat",1813,4012,91
"057","carmel",1316,1723,52
"057","victoria",599,1677,44
"057","r-t-jones",513,1021,28
"057","arnold-mill",1099,2796,72
"057","univeter",863,3167,58
"057","rosecreek",922,1971,60
"057","sixes",708,1787,38
"057","toonigh",1599,3429,85
"057","freehome",1016,3596,78
"057","union-hill",712,2693,48
"057","macedonia",889,3016,48
"057","deer-run",836,1488,45
"057","avery",580,2302,39
"057","ball-ground",489,2549,52
"057","bells",1816,2262,88
"057","holly-springs",579,1579,60
"057","canton",1894,3814,70
"057","teasley",1663,4326,98
"057","bradshaw",958,2674,61
"057","woodstock",2124,2954,98
"057","bridgemill",1123,2996,52
"057","r-m-moore",332,2237,47
"057","dixie",1607,2313,88
"057","wildcat",613,1756,40
"057","woodlands",1078,1553,53
"057","salacoa",69,454,5
"059","1d",1464,811,33
"059","2a",1864,460,31
"059","4a",967,319,29
"059","6c",1367,882,43
"059","1b",1689,807,38
"059","1a",1202,714,28
"059","8c",1805,675,50
"059","4b",1972,735,60
"059","5b",1538,600,25
"059","3b",1842,430,36
"059","7b",1397,773,47
"059","8a",1543,601,43
"059","5c",1422,157,19
"059","5d",1427,430,36
"059","7a",1374,782,29
"059","2b",2334,327,36
"059","5a",1654,665,33
"059","8b",1098,431,20
"059","6b",1760,921,47
"059","3a",1309,178,23
"059","7c",1344,665,42
"059","6d",979,311,19
"059","6a",1453,1211,40
"059","1c",1244,561,32
"061","days-cross-road",150,200,0
"061","court-house",199,53,0
"061","bluffton",91,173,4
"061","old-head-start",179,130,1
"061","zetto",171,81,2
"063","forest-park-6",519,303,9
"063","jonesboro-4",974,208,15
"063","morrow-3",1064,390,15
"063","riverdale-7",1122,213,17
"063","jonesboro-12",1575,142,14
"063","riverdale-9",1355,194,7
"063","jonesboro-7",1618,379,17
"063","lovejoy-1",2249,352,24
"063","jonesboro-14",2149,829,29
"063","oak-2",885,78,9
"063","riverdale-1",1440,124,9
"063","morrow-4",892,260,14
"063","riverdale-5",1552,163,16
"063","lake-city",1443,248,13
"063","morrow-7",928,218,16
"063","morrow-8",1888,173,24
"063","panhandle-2",1852,490,19
"063","jonesboro-11",2059,524,21
"063","jonesboro-9",622,154,12
"063","lovejoy-2",1771,266,19
"063","lovejoy-4",2429,253,28
"063","morrow-1",1478,202,17
"063","morrow-2",789,468,10
"063","oak-3",1364,65,12
"063","riverdale-8",1722,205,12
"063","riverdale-10",1321,59,14
"063","forest-park-1",1227,314,24
"063","oak-4",2031,137,16
"063","jonesboro-6",1101,874,23
"063","oak-5",657,53,5
"063","riverdale-2",1772,124,20
"063","morrow-10",1183,247,12
"063","riverdale-4",2058,225,22
"063","jonesboro-8",1761,178,14
"063","jonesboro-17",1560,150,14
"063","ellenwood-2",2135,168,21
"063","lovejoy-6",2087,249,18
"063","jonesboro-1",1793,169,24
"063","panhandle-1",1817,228,17
"063","jonesboro-3",2178,460,16
"063","forest-park-2",1195,271,18
"063","morrow-9",718,139,13
"063","jonesboro-2",2385,155,25
"063","forest-park-4",655,347,16
"063","lovejoy-5",1800,179,11
"063","lovejoy-7",1201,255,11
"063","forest-park-3",1069,275,14
"063","forest-park-5",1507,383,13
"063","oak-1",1332,76,14
"063","jonesboro-19",1678,181,23
"063","jonesboro-10",1397,209,24
"063","jonesboro-13",1219,216,9
"063","riverdale-6",1357,235,22
"063","morrow-5",1906,241,23
"063","jonesboro-5",1023,306,13
"063","riverdale-12",1694,175,21
"063","jonesboro-15",1154,144,16
"063","riverdale-11",1101,71,10
"063","morrow-11",1179,167,11
"063","morrow-6",1597,335,15
"063","jonesboro-18",1621,253,12
"063","lovejoy-3",1064,196,9
"063","ellenwood-1",2038,120,14
"063","jonesboro-16",1133,203,21
"063","riverdale-3",2033,145,19
"065","argyle",39,220,0
"065","dupont",54,184,0
"065","fargo",22,169,1
"065","homerville",620,1464,10
"065","arabia",12,68,1
"067","big-shanty-02",1229,1231,38
"067","lost-mountain-01",1259,1711,40
"067","mableton-01",2498,1045,51
"067","mt-bethel-03",1344,1299,38
"067","chestnut-ridge-01",1215,1446,40
"067","marietta-6a",1184,374,17
"067","riverside-01",997,119,14
"067","rocky-mount-01",1234,1441,46
"067","kemp-02",1429,1765,58
"067","lassiter-01",1316,1613,68
"067","oregon-01",567,767,19
"067","pope-01",1173,1349,53
"067","marietta-3a",1735,1455,55
"067","sope-creek-03",1089,1213,21
"067","pitner-01",966,1111,51
"067","powders-springs-3a",1972,731,33
"067","blackwell-01",1113,908,42
"067","elizabeth-03",1014,1226,40
"067","harmony-leland-01",3817,705,44
"067","cooper-01",2611,694,28
"067","marietta-2a",755,943,39
"067","big-shanty-01",747,827,30
"067","fair-oaks-02",2551,956,32
"067","dobbins-01",1043,366,26
"067","elizabeth-05",1168,1103,32
"067","acworth-1a",2037,1919,48
"067","dobbins-02",1796,611,43
"067","smyrna-5a",2006,811,56
"067","timber-ridge-01",1016,1025,34
"067","kemp-01",546,1023,28
"067","bryant-02",2816,244,31
"067","kennesaw-3a",2665,1554,86
"067","marietta-5a",1479,589,34
"067","pine-mountain-01",1041,1779,41
"067","sandy-plains-01",1192,1117,53
"067","mabry-01",538,833,26
"067","elizabeth-02",864,1022,26
"067","lost-mountain-02",1227,2305,48
"067","powers-ferry-01",1287,1213,62
"067","dowell-01",1385,1071,54
"067","murdock-01",1598,1722,62
"067","post-oak-01",1289,1680,47
"067","mccleskey-01",609,810,28
"067","smyrna-6a",2808,1706,95
"067","smyrna-3b",1166,750,38
"067","kennesaw-5a",2509,1936,63
"067","marietta-2b",1921,1145,57
"067","kell-01",690,853,44
"067","vinings-03",2236,1002,32
"067","oregon-02",2812,989,56
"067","marietta-4b",831,683,35
"067","oregon-03",2274,868,48
"067","powders-springs-1a",2592,987,45
"067","sweetwater-02",1517,444,28
"067","roswell-01",2141,2387,61
"067","mableton-03",1247,890,30
"067","ford-01",866,1664,34
"067","kennesaw-4a",1396,1251,52
"067","fullers-park-01",1374,1436,38
"067","simpson-01",756,738,22
"067","cheatham-hill-02",1062,1408,45
"067","smyrna-1a",1931,554,37
"067","kemp-03",1005,2187,55
"067","powders-springs-2a",1806,463,36
"067","bells-ferry-02",1127,1127,51
"067","smyrna-3a",2208,925,63
"067","bells-ferry-03",871,768,42
"067","marietta-4a",568,1080,39
"067","marietta-4c",950,1294,34
"067","roswell-02",1518,1545,54
"067","davis-01",807,857,40
"067","eastside-01",1200,1335,34
"067","kennesaw-1a",876,750,42
"067","chalker-01",2467,1349,67
"067","north-cobb-01",864,796,34
"067","lindley-01",2942,769,58
"067","kennesaw-2a",1379,1329,44
"067","chattahoochee-01",2860,986,77
"067","sope-creek-01",835,970,37
"067","fair-oaks-04",1825,856,38
"067","vinings-02",2962,1441,74
"067","gritters-01",1359,1578,73
"067","cheatham-hill-03",1645,1599,50
"067","smyrna-2a",2791,849,67
"067","baker-01",1984,1319,65
"067","frey-01",732,1287,26
"067","marietta-7a",1461,359,32
"067","oregon-04",2325,895,30
"067","dickerson-01",1149,1209,34
"067","pine-mountain-02",859,1750,29
"067","lost-mountain-03",1735,2588,67
"067","mableton-04",710,549,23
"067","lost-mountain-04",794,1313,27
"067","vinings-01",1598,700,40
"067","marietta-5b",1240,385,29
"067","nicholson-01",843,969,44
"067","garrison-mill-01",1105,1211,37
"067","sewell-mill-03",1859,1249,58
"067","elizabeth-04",1317,715,37
"067","clarkdale-02",2596,1030,41
"067","mt-bethel-01",1626,1760,64
"067","oakdale-01",1891,1130,43
"067","wade-green-02",1859,1605,70
"067","sweetwater-01",1439,867,40
"067","hayes-01",1216,2014,49
"067","marietta-1a",1624,706,57
"067","smyrna-4a",2815,1853,93
"067","norton-park-01",1980,1142,75
"067","vinings-04",1350,1296,29
"067","smyrna-7a",3785,1367,73
"067","eastside-02",1601,1698,73
"067","acworth-1c",2249,1183,59
"067","austell-1a",2683,638,17
"067","harrison-01",816,1665,47
"067","macland-01",2183,759,30
"067","mars-hill-01",743,1983,47
"067","mt-bethel-04",1094,1305,42
"067","sope-creek-02",1963,1632,68
"067","palmer-01",859,1138,57
"067","vaughan-01",877,1630,59
"067","east-piedmont-01",1077,782,27
"067","mars-hill-02",943,1119,59
"067","nickajack-01",2706,781,43
"067","willeo-01",1079,1270,45
"067","birney-02",1970,929,27
"067","clarkdale-01",764,478,16
"067","durham-01",1179,2283,53
"067","acworth-1b",1682,1941,55
"067","shallowford-falls-01",1294,1487,55
"067","mcclure-01",991,1593,51
"067","hightower-01",1640,1858,78
"067","mableton-02",1416,534,19
"067","marietta-6b",1283,970,51
"067","terrell-mill-01",2477,1030,62
"067","dodgen-01",810,921,41
"067","sewell-mill-01",1481,1334,36
"067","bryant-01",1377,101,10
"067","birney-01",1152,641,28
"067","pebblebrook-01",2673,629,38
"067","oregon-05",1835,1217,38
"067","marietta-3b",1119,241,8
"067","mceachern-01",1636,1053,18
"067","elizabeth-01",1721,722,38
"067","addison-01",990,930,36
"067","bells-ferry-04",1180,1446,67
"069","bridgetown",60,190,3
"069","west-green",36,611,4
"069","nicholls",288,963,10
"069","ambrose",264,1104,6
"069","broxton",378,1200,11
"069","douglas",3485,6510,91
"071","hopewell",187,971,14
"071","shaw",1152,429,9
"071","norman-park",372,1226,15
"071","moultrie",1169,1799,28
"071","murphy",96,676,6
"071","lee",108,558,3
"071","monk",170,888,6
"071","bridgecreek",99,795,2
"071","millcreek",27,281,2
"071","funston",107,613,10
"071","autreyville",202,746,8
"071","tyty",31,328,3
"071","warrior",84,594,1
"071","thigpen",17,159,0
"071","crosland",51,137,0
"071","hamilton",55,512,4
"071","robinson",93,480,3
"071","hartsfield",27,291,2
"071","doerun",140,294,3
"073","kiokee-baptist-church",295,1782,23
"073","marvin-methodist",532,832,27
"073","abilene-baptist",464,963,17
"073","journey-comm-church",238,808,15
"073","col-cty-main-library",559,1003,14
"073","riverview-church",378,683,17
"073","grove-first-baptist-church",1163,782,35
"073","west-acres-baptist",570,1232,20
"073","savannah-rapids-pavilion",380,998,12
"073","grace-baptist-church",1171,1526,50
"073","damascus-baptist-church",99,720,5
"073","belair-baptist-church",677,1109,36
"073","augusta-christian",605,1003,24
"073","blue-ridge-elementary",618,1018,31
"073","trinity-baptist-church",573,1483,28
"073","eubank-blanchard-center",277,947,11
"073","lewis-methodist-church",1116,1721,57
"073","g-a-apostolic-church",471,737,21
"073","liberty-park-grovetown",1149,1064,39
"073","grovetown-public-safety-station-2",1423,1021,63
"073","martinez-baptist",528,767,28
"073","grovetown-methodist-church",1051,607,28
"073","woodlawn-baptist-church",275,726,11
"073","second-mt-carmel-baptist-church",284,268,4
"073","patriots-park",1148,1834,71
"073","blanchard-park",596,796,19
"073","col-cty-bd-of-edu",570,1068,16
"073","gospel-water-branch",654,1012,18
"073","parkway-baptist-church",1269,2324,60
"073","westside-baptist-church",346,855,17
"073","wesley-methodist",578,1304,29
"073","bessie-thomas-center",88,531,10
"073","second-mt-moriah-baptist-church",159,623,17
"073","christ-church-presbyterian",499,1138,28
"073","greenbrier-high",793,1871,46
"073","mtz-col-fire-hdqtr",321,507,19
"073","christ-the-king-luth-church",565,1186,15
"073","gold-cross-ems",378,1007,19
"073","genesis-church",478,937,22
"073","lakeside-middle",512,825,35
"073","christ-sanctified",570,1268,31
"073","stevens-creek-church",736,1543,25
"073","harlem-senior-center",540,827,24
"073","church-of-our-savior",649,984,25
"073","harlem-branch-library",460,1405,28
"073","new-life-church",1692,1433,85
"073","philadelphia-church",739,935,55
"075","lenox",180,702,8
"075","cecil",514,637,15
"075","elm-pine",260,17,5
"075","new-life-baptist-church",113,761,11
"075","sparks",342,214,6
"075","riverbend",127,799,7
"075","delle-beamguard",404,1249,19
"075","massee",119,521,5
"077","panther-creek",516,1644,25
"077","northside",602,1119,34
"077","newnan-centre",6428,8479,227
"077","cannongate",689,2188,58
"077","expo-center",478,1028,26
"077","haralson",322,1465,26
"077","grantville",524,1219,25
"077","senoia",1183,3423,62
"077","sharpsburg",713,2795,52
"077","madras",1225,2282,53
"077","coweta-central-library",327,1038,17
"077","fischer-road",951,2423,46
"077","turin",764,2807,50
"077","welcome",494,1849,32
"077","moreland",420,1768,21
"077","greentop",795,1227,29
"077","westside",343,189,7
"077","thomas-crossroads",904,2945,49
"077","dresden",119,513,8
"077","cedar-creek",1025,3258,51
"077","white-oak",1086,2379,70
"077","newnan",1317,846,25
"077","pine-road",263,1276,16
"077","raymond",394,1524,15
"077","central",1559,868,44
"077","smokey-road",769,949,20
"079","district-2",535,691,14
"079","district-1a",138,190,2
"079","district-1b",411,308,3
"079","district-4",161,1125,11
"079","district-3",184,1043,16
"079","district-5",186,1071,13
"081","listonia",29,584,3
"081","jamestown",108,832,3
"081","cordele",2649,2488,56
"081","arabi",112,459,1
"081","coney",88,624,3
"083","south-dade",121,533,8
"083","davis",108,1216,15
"083","new-salem",198,729,11
"083","new-home",60,414,6
"083","north-dade",283,946,18
"083","west-brow",191,629,20
"083","trenton",300,1599,29
"085","east",1133,5561,93
"085","central",849,6203,80
"085","west",504,1634,24
"087","kendrick",98,315,0
"087","west-bainbridge",695,797,11
"087","brinson",122,492,5
"087","bdge-fairgrounds",1099,1009,20
"087","attapulgus",795,462,9
"087","mt-pleasant",55,392,1
"087","recovery",115,388,1
"087","bainbridge-coliseum",1601,2345,37
"087","climax",200,558,5
"089","shadow-rock-elem",2853,156,16
"089","chamblee-2",1652,831,37
"089","hawthorne-elem",2034,624,40
"089","pine-lake",425,49,4
"089","north-decatur",1245,191,16
"089","lithonia",828,74,15
"089","emory-south",2031,436,42
"089","cedar-grove-south",2586,105,29
"089","rock-chapel-elem",1819,92,13
"089","salem-middle",2434,95,21
"089","chapel-hill-elem",2161,79,20
"089","smoke-rise",1058,672,22
"089","gresham-road",2181,115,28
"089","columbia-middle",1102,57,5
"089","woodward",1779,542,33
"089","idlewood-elem",1307,332,13
"089","redan-trotti-library",2291,89,25
"089","midvale-elem",1333,963,31
"089","candler-murphey-candler-elem",2316,181,17
"089","meadowview",1959,102,22
"089","oakhurst",1904,134,34
"089","kelley-chapel-road",897,41,5
"089","mcnair-high",2667,163,34
"089","bethune-middle",2697,138,17
"089","silver-lake",2173,1522,52
"089","rowland-elem",1779,138,20
"089","woodridge-elem",2111,140,19
"089","fernbank-elem",1523,340,26
"089","evansdale-elem",1723,759,40
"089","stephenson-high",2219,159,19
"089","dresden-elem",2466,866,50
"089","freedom-middle",1682,193,13
"089","brockett-elem",1387,549,28
"089","terry-mill",1777,96,17
"089","lin-mary-lin-elem",2100,310,33
"089","north-peachtree",851,345,22
"089","avondale",1970,538,41
"089","memorial-south",1346,150,10
"089","white-oak",1460,62,10
"089","marbut-elem",2372,79,21
"089","briarwood",1160,615,30
"089","north-hairston",1241,158,13
"089","stephenson-middle",2430,154,14
"089","austin-drive",1280,97,21
"089","stonecrest-library",2283,102,13
"089","snapfinger-road",3498,116,16
"089","shaw-robert-shaw-elem",1647,171,22
"089","candler-park",3123,300,39
"089","flat-shoals-parkway",2283,77,20
"089","princeton-elem",1469,73,5
"089","decatur",1480,137,12
"089","ashford-dunwoody-rd",1469,987,37
"089","montclair-elem",1067,168,13
"089","redan-middle",1534,86,17
"089","rainbow-elem",2301,118,10
"089","mount-vernon-east",1124,1108,33
"089","miller-grove-high",1700,70,19
"089","glenwood-road",1121,101,14
"089","georgetown-sq",1939,893,45
"089","ashford-park-elem",1075,890,39
"089","flakes-mill-fire-station",1292,71,11
"089","mcnair-academy",1212,53,14
"089","stoneview-elem",904,71,7
"089","medlock",1471,308,26
"089","stone-mtn-champion",1502,184,23
"089","tilly-mill-road",674,609,15
"089","clairemont-west",2404,363,28
"089","covington-hwy",220,12,4
"089","chesnut-elem",1262,420,16
"089","harris-narvie-j-harris-elem",2537,91,26
"089","warren-tech",665,248,11
"089","lakeside-high",1765,819,49
"089","panola-way-elem",1111,49,15
"089","wesley-chapel-library",2028,73,13
"089","hambrick-elem",1947,374,22
"089","crossroads",1738,91,16
"089","redan-elem",1939,83,9
"089","rock-chapel-road",2630,231,12
"089","stone-mtn",801,183,9
"089","peachcrest",1218,121,17
"089","snapfinger-road-n",1395,69,8
"089","coralwood",1961,699,39
"089","livsey-elem",719,391,16
"089","brookhaven",1631,1112,50
"089","fairington-elem",2686,103,20
"089","candler",1843,136,21
"089","flat-shoals-library",1391,55,16
"089","wynbrooke-elem",2389,162,11
"089","brockett",1360,565,30
"089","pleasantdale-road",2068,394,42
"089","clarkston-community-center",1202,213,15
"089","jolly-elem",1753,427,22
"089","oakcliff-elem",913,377,13
"089","indian-creek",1005,215,21
"089","druid-hills-high",1431,285,18
"089","east-lake",2679,260,54
"089","covington",1157,143,25
"089","miller-grove",2423,96,17
"089","metropolitan",2304,161,43
"089","avondale-high",2197,278,37
"089","tucker",1521,609,22
"089","rowland-road",1182,112,8
"089","glennwood",1764,227,28
"089","allgood-elem",1718,201,12
"089","snapfinger-elem",1267,63,10
"089","browns-mill-elem",2659,107,17
"089","winters-chapel",652,532,19
"089","rockbridge-road",2714,144,18
"089","dunwoody-2",936,794,27
"089","cross-keys-high",1107,479,41
"089","kittredge-elem",1079,734,32
"089","scott",1783,313,36
"089","flat-rock-elem",2098,95,15
"089","glenhaven",999,123,12
"089","columbia-elem",730,28,7
"089","canby-lane-elem",1190,64,14
"089","chamblee",1124,495,33
"089","cedar-grove-elem",2532,96,34
"089","clairemont-east",2370,332,36
"089","kelley-lake-elem",1627,78,17
"089","peachtree-middle",1803,653,25
"089","miller-eldridge-l-miller-elem",1928,143,18
"089","wadsworth",1825,82,15
"089","stone-mill-elem",1445,133,18
"089","flat-shoals",1300,56,8
"089","knollwood",1387,105,15
"089","boulevard",3341,256,44
"089","south-hairston",2063,106,17
"089","woodrow-road",1805,124,15
"089","embry-hills",917,434,26
"089","doraville-north",1398,473,25
"089","johnson-estates",1122,269,22
"089","rehoboth",1028,424,22
"089","mount-vernon-west",1084,802,35
"089","huntley-hills-elem",1819,595,49
"089","toney-elem",984,43,6
"089","oak-view-elem",2849,88,15
"089","snapfinger-road-s",1298,62,13
"089","doraville-south",589,240,12
"089","montgomery-elem",1256,783,35
"089","coan-recreation-center",2680,236,47
"089","briarcliff",1573,745,30
"089","panola",927,62,7
"089","dunaire-elem",1215,178,11
"089","winnona-park",1518,162,22
"089","mcwilliams",1671,63,14
"089","stone-mountain-elem",1185,384,10
"089","montreal",1459,375,20
"089","clairmont-road",1918,455,20
"089","briarlake-elem",994,476,24
"089","dunwoody-library",1129,1071,26
"089","burgess-elem",2432,180,24
"089","shamrock",1029,299,10
"089","kingsley-elem",1043,1067,26
"089","midway",1553,133,25
"089","lavista",1626,514,26
"089","harris-margaret-harris-ed",896,168,15
"089","flat-shoals-elem",1276,45,9
"089","ashford-parkside",1715,1048,33
"089","henderson-mill",1671,687,41
"089","tucker-library",1750,987,52
"089","columbia-drive",1279,61,10
"089","ponce-de-leon",2640,276,24
"089","hugh-howell",910,516,27
"089","midvale-road",1060,210,16
"089","oak-grove-elem",1341,525,24
"089","panola-road",1787,52,11
"089","lithonia-high",1954,80,25
"089","dunwoody",1497,705,31
"089","cedar-grove-middle",884,51,5
"089","redan-road",1615,93,17
"089","rockbridge-elem",1754,166,13
"089","briar-vista-elem",1784,447,33
"089","austin",1077,1104,31
"089","mclendon",2025,423,43
"089","young-road",1288,57,16
"089","northlake",909,323,28
"089","clarkston",1750,195,25
"089","lavista-road",1275,432,22
"089","sagamore-hills-elem",1801,710,35
"089","clifton",1000,48,7
"089","piney-grove",1042,62,11
"089","mathis-bob-mathis-elem",1852,90,11
"089","south-deshon",2154,95,15
"089","valley-brook",643,152,11
"089","miller-grove-road",1401,75,11
"089","skyland",990,650,29
"089","emory-road",1206,148,5
"089","mcnair",1623,80,20
"089","bouldercrest-road",1289,57,8
"089","stone-mtn-middle",1208,131,20
"091","jones",45,275,3
"091","jaybird",46,102,0
"091","pondtown",116,398,2
"091","yonker",24,158,2
"091","empire",29,289,5
"091","eddin",235,540,1
"091","mccranie",39,190,1
"091","plainfield",38,299,2
"091","vilula",10,133,1
"091","chauncey",58,248,2
"091","lee",1194,1962,25
"091","mullis",75,290,2
"091","mitchell",55,220,3
"091","rawlins",163,480,6
"091","milan",41,189,1
"091","clark",3,70,0
"093","unadilla",532,547,8
"093","vienna",885,926,17
"093","byromville",215,230,3
"093","lilly",179,174,3
"093","pinehurst",100,282,4
"095","palmyra-methodist",776,804,18
"095","carver-teen-center",623,21,4
"095","alice-coachman-elementary",494,16,4
"095","pine-bluff-baptist-church",878,457,8
"095","darton-college",2043,502,18
"095","mt-zion-center",1762,49,12
"095","radium-middle-school",289,119,5
"095","2nd-mt-zion-church",450,549,8
"095","litman-cathedral",656,32,9
"095","greenbriar-church",1531,1394,18
"095","phoebe-healthworks",512,125,8
"095","phoebe-east",1223,183,7
"095","international-studies",485,185,2
"095","covenant-church",759,655,18
"095","albany-middle-school",871,63,4
"095","shiloh-baptist-church",663,42,7
"095","jackson-heights-elementary",1102,32,8
"095","westover-high-school",1433,1020,23
"095","lamar-reese-elementary",637,44,7
"095","westtown-elementary",1805,103,9
"095","1st-christian-church",471,601,10
"095","christ-church",583,914,6
"095","putney-1st-baptist-church",909,856,13
"095","turner-elementary",257,16,1
"095","lovett-hall",392,12,2
"095","sherwood-elementary",1211,722,23
"095","merry-acres-middle",775,816,21
"095","bill-miller-center",989,117,7
"097","arbor-station",1336,579,29
"097","winston",743,529,16
"097","golden-methodist-church",2960,497,35
"097","mirror-lake-elementary",2571,1969,68
"097","old-courthouse",2249,1014,46
"097","beulah-baptist-church",1197,1131,24
"097","deer-lick",1107,749,16
"097","dorsett-shoals",1116,1342,42
"097","first-baptist-douglasville",1143,729,20
"097","stewart",1699,279,16
"097","boundary-waters",2496,384,28
"097","st-julians-episcopal",749,751,24
"097","chestnut-log",2065,677,38
"097","lithia-springs-high-school",3331,674,38
"097","lutheran-church-gs",1853,928,31
"097","first-baptist-lithia-springs",679,581,32
"097","church-at-chapel-hill",3250,1370,45
"097","ephesus-baptist-church",754,2282,44
"097","turner",1466,1040,36
"097","chapel-hill",2098,767,31
"097","prays-mill-gym",1702,2182,48
"097","bright-star",802,1008,29
"097","atlanta-west-pentecostal",1889,253,15
"097","dog-river-library",1051,2838,48
"097","factory-shoals",2347,770,31
"099","blakely",1452,833,14
"099","cuba",316,535,7
"099","cedar-springs",191,641,1
"099","arlington",369,294,3
"099","urquhart",109,419,3
"101","statenville",167,1256,18
"103","4a",596,1933,56
"103","1d",202,1230,20
"103","2c",931,2418,47
"103","3a",184,840,8
"103","5b",970,1707,36
"103","2a",510,1723,56
"103","4b",419,847,9
"103","1b",350,1753,27
"103","3c",334,1109,17
"103","1a",317,1168,12
"103","5a",445,1551,32
"103","1c",210,782,23
"103","3b",414,722,16
"103","5c",368,845,21
"103","2b",549,1522,35
"103","3d",608,1606,30
"103","4c",313,1602,47
"105","moss-ruckersville",83,271,1
"105","pike",441,756,11
"105","centerville",154,604,5
"105","goshen",248,962,5
"105","eliam",144,469,3
"105","wyche",237,630,2
"105","longstreet",122,347,3
"105","webbsboro",77,243,5
"105","elberton",1263,1326,22
"105","petersburg",55,247,0
"105","gaines",55,371,9
"107","swainsboro",1786,2790,28
"107","canoochee",101,399,4
"107","oak-park",34,456,3
"107","cross-green",117,65,3
"107","twin-city",400,730,9
"107","blundale",29,549,3
"107","summertown",86,287,0
"107","garfield",77,294,6
"107","adrian",74,489,3
"107","stillmore",128,270,3
"107","nunez",52,222,4
"109","veterans-community-center",1324,2888,35
"111","colwell",150,711,4
"111","fairplay",169,726,13
"111","flinthill",299,1824,14
"111","sugar-creek",332,1450,16
"111","mobile",124,711,4
"111","skeniah",59,211,0
"111","morganton",267,1265,10
"111","hemptown",181,791,12
"111","hothouse",169,784,5
"111","mineral-bluff",212,1168,11
"111","toccoa",471,2004,20
"111","noontootla",138,524,1
"113","antioch",554,778,24
"113","jeff-davis",1212,608,10
"113","starrsmill",620,1709,32
"113","spring-hill",1348,956,21
"113","murphy",1212,1067,30
"113","hopeful",1030,597,19
"113","whitewater",967,1811,40
"113","fayetteville-east",862,530,24
"113","willowbend",554,966,27
"113","windgate",280,495,33
"113","harps-crossing",437,715,15
"113","fielding-ridge",1102,1675,46
"113","brooks",326,1667,19
"113","fayetteville-west",928,653,24
"113","kedron",1728,1989,65
"113","oak-grove",410,634,17
"113","camp-creek",485,1020,23
"113","banks",603,544,12
"113","morning-creek",1362,836,20
"113","braelinn",384,1110,21
"113","flint",782,448,20
"113","rareover",824,1527,48
"113","shakerag-east",470,770,20
"113","willow-pond",1143,1129,31
"113","oak-ridge",991,612,13
"113","dogwood",952,1503,31
"113","shakerag-west",416,633,21
"113","aberdeen",485,883,19
"113","flat-creek",617,873,33
"113","blackrock",1403,563,12
"113","europe",2111,308,26
"113","mcintosh",1005,1617,28
"113","sandy-creek",2235,1321,38
"113","woolsey",445,1408,15
"113","rising-star",1052,2271,46
"113","kenwood",602,149,10
"115","north-carolina",202,946,8
"115","etowah",686,2630,36
"115","glenwood",522,1736,33
"115","mt-alto-south",1063,1357,34
"115","alto-park",623,1614,29
"115","texas-valley",86,524,6
"115","watters",369,1978,25
"115","east-lindale",504,1614,37
"115","cave-spring",227,856,15
"115","vanns-valley",102,412,4
"115","garden-lakes",428,992,12
"115","chulio",130,683,7
"115","barkers",210,1380,15
"115","floyd-springs",138,1130,18
"115","fosters-mill",75,607,10
"115","howell",109,942,6
"115","armuchee",142,751,5
"115","west-lindale",360,1394,22
"115","riverside",130,394,9
"115","mt-alto-north",1405,1660,48
"115","everett-springs",55,269,2
"115","east-rome",1144,1185,46
"115","north-rome",922,967,21
"115","town-rome",768,914,36
"115","south-rome",572,185,12
"117","16-otwell",1270,3520,82
"117","19-old-atlanta",1169,1811,29
"117","02-brandywine",1820,1404,59
"117","05-coal-mountain",1577,4346,111
"117","29-polo",3281,5441,119
"117","35-johns-creek",3167,3539,80
"117","10-midway",3141,6381,145
"117","36-nichols",2379,3306,97
"117","07-cumming",1332,2989,79
"117","06-crossroads",1082,3981,91
"117","21-south-forsyth",2297,4434,73
"117","08-mashburn",1949,4633,128
"117","04-chestatee",889,4154,96
"117","34-fowler",1648,2227,57
"117","15-heardsville",1499,4801,91
"117","27-concord",1741,5939,136
"117","03-browns-bridge",1850,6123,147
"117","01-big-creek",3871,5095,126
"117","37-sawnee",3008,6399,145
"117","25-windermere",3233,4599,89
"119","royston",282,1130,19
"119","northeast-franklin",325,1750,14
"119","west-franklin",128,1052,11
"119","lavonia",382,1199,15
"119","southwest-franklin",173,1563,21
"119","canon",110,805,10
"119","carnesville",193,1570,13
"121","ss22",1082,691,19
"121","04x1",1035,61,5
"121","jc15",430,266,10
"121","cp012",786,143,14
"121","03p2",7,0,0
"121","ap05",1927,1857,38
"121","04s",1198,48,14
"121","04j",183,9,4
"121","pa01",1393,411,26
"121","07e",1192,510,22
"121","ch03",98,208,3
"121","05j",422,48,12
"121","cp07c",71,1,1
"121","sc09b",1202,46,11
"121","ml07b",476,841,15
"121","03b",213,16,3
"121","07m",1039,452,20
"121","cp01b",188,64,6
"121","rw07b",203,74,9
"121","ap021",1291,1266,38
"121","sc08b",2442,124,20
"121","07f",1790,1054,35
"121","sc27",1342,62,10
"121","12m",1312,69,16
"121","ss02a",564,331,20
"121","sc05b",2443,93,16
"121","rw04",883,650,20
"121","sc08f",420,14,4
"121","fa01c",445,32,9
"121","12d",586,30,9
"121","sc01c",1599,60,11
"121","05d",85,6,2
"121","cp05b",72,5,0
"121","sc08d",345,11,5
"121","09f",1917,1029,41
"121","rw09a",491,802,19
"121","ss08a",911,381,26
"121","12j",1327,78,15
"121","03n",870,48,15
"121","cp084",0,0,0
"121","cp07e",41,1,0
"121","04w",225,2,1
"121","03h",388,33,2
"121","jc19",1794,1362,59
"121","jc01",2238,1197,27
"121","cp081",106,7,1
"121","12a",2663,179,36
"121","04b",758,33,7
"121","ss13a",855,653,22
"121","ss12",1302,942,20
"121","cp011",610,143,18
"121","sc02",1031,33,5
"121","jc12",907,1328,26
"121","01j",1287,72,18
"121","11p",1088,39,8
"121","10b",2592,96,19
"121","03d",433,29,1
"121","08c",506,691,5
"121","08b",1444,1298,48
"121","ss19a",1530,494,40
"121","ss31",777,504,18
"121","11r",809,37,8
"121","03e",1024,71,15
"121","ss07b",370,195,4
"121","02c",1175,138,11
"121","11h",372,26,5
"121","12l",268,18,1
"121","ml06b",1431,774,28
"121","11e3",1988,64,13
"121","02l2",1314,222,10
"121","ml07a",235,411,9
"121","08h",1099,971,12
"121","10a",1724,72,14
"121","09g",2228,538,52
"121","rw17",1351,765,53
"121","08e",1085,1079,21
"121","04c",51,1,0
"121","03a",777,41,7
"121","rw05",1220,615,28
"121","rw12a",724,818,22
"121","08f1",891,956,21
"121","ep02d",233,12,1
"121","sc17c",732,45,8
"121","ss20",1059,449,23
"121","11n",1440,70,12
"121","03l",206,16,2
"121","ap12b",406,201,9
"121","02b",1242,168,21
"121","01r",468,37,12
"121","sc15",3049,176,18
"121","jc18",1146,1151,34
"121","uc031",1223,265,17
"121","ap01c",978,879,37
"121","06l2",410,159,9
"121","01i",0,1,0
"121","rw11a",1154,900,26
"121","cp083",36,0,1
"121","ep03b",1020,61,7
"121","rw10",1347,1599,55
"121","04f",1145,114,16
"121","fc03",16,1,0
"121","12i",491,22,6
"121","10p",720,31,4
"121","11c",2095,53,16
"121","jc06",1094,967,23
"121","jc02",1306,897,17
"121","04x2",380,30,10
"121","06g",355,65,9
"121","02f1",2092,280,37
"121","sc11a",960,44,5
"121","02d",3200,478,46
"121","sc05e",399,74,3
"121","jc04b",149,80,1
"121","sc01b",1557,49,7
"121","12a1",371,20,11
"121","02f2",432,65,7
"121","sc10",768,49,5
"121","sc08c",71,0,0
"121","ss09a",1300,1273,34
"121","cp07b",3,1,0
"121","ap07b",768,755,11
"121","ap03",325,101,4
"121","jc03b",777,445,21
"121","jc04a",1522,1070,20
"121","01s",928,56,10
"121","ml02a",679,1397,28
"121","02s",450,43,9
"121","ch04a",345,321,7
"121","01p",603,28,7
"121","05a2",2185,217,26
"121","cp04a",2,2,0
"121","uc01b",216,13,2
"121","ch02",96,151,3
"121","ep01b",1591,146,18
"121","11j",1068,36,10
"121","03g",272,14,3
"121","11m",1037,31,2
"121","09h",624,75,14
"121","05a1",1973,208,31
"121","06n",808,351,21
"121","fa01d",159,16,1
"121","03m",455,88,10
"121","rw07a",754,145,15
"121","sc23c",1467,68,7
"121","ap14",1419,1161,36
"121","09c",1601,67,21
"121","ss16",905,833,32
"121","07h",1025,621,12
"121","sc30a",114,7,1
"121","fc02",46,14,0
"121","sc23b",334,22,2
"121","jc09",1426,947,31
"121","ml01a",1078,1236,38
"121","ap02b",280,203,6
"121","01h",405,16,4
"121","sc18c",1507,72,5
"121","sc29a",1776,74,16
"121","08d",363,517,9
"121","rw22a",2040,1100,50
"121","10i",264,10,0
"121","cp07d",225,11,5
"121","ep01a",1462,168,20
"121","ap12c",792,955,14
"121","ml03a",64,146,1
"121","05c",38,5,1
"121","ep02a",1042,70,2
"121","hp01",1622,556,26
"121","fa01a",2223,300,18
"121","ss08b",308,252,3
"121","ap04b",193,205,5
"121","10g",844,38,6
"121","jc07",2145,1403,38
"121","05k",1097,119,22
"121","04d",812,33,12
"121","jc11",1314,1364,33
"121","ap12a",320,185,6
"121","07j",1537,707,28
"121","rw16",804,856,25
"121","sc07c",11,1,1
"121","sc09c",998,54,12
"121","03t",781,44,11
"121","01a",2579,247,25
"121","sc04",527,208,7
"121","ss15a",1273,238,18
"121","jc13a",768,1067,13
"121","sc08e",413,17,9
"121","sc16a",3600,108,17
"121","ss14",500,665,12
"121","09k1",453,32,4
"121","03f",1253,242,8
"121","ss03",741,473,20
"121","02w",544,104,7
"121","06q",324,22,2
"121","02l1a",724,115,8
"121","ep04b",1490,57,8
"121","08j",1630,955,47
"121","cp06a",214,14,6
"121","ss11a",1785,936,47
"121","uc02a",3648,181,20
"121","ss08d",717,310,16
"121","rw12",1723,1849,49
"121","09d",949,48,9
"121","ss18b",100,99,1
"121","sc07a",3028,365,26
"121","12s",996,40,9
"121","10m",1531,70,21
"121","ap01b",486,400,21
"121","05b",1055,68,8
"121","sc18b",654,24,3
"121","cp08a",177,6,1
"121","06i",2142,329,44
"121","01g",1159,87,17
"121","12f",496,29,6
"121","01e",2435,287,37
"121","sc13",1904,115,11
"121","rw20",1119,1045,29
"121","08k",570,247,19
"121","ss07a",527,471,8
"121","sc23a",2085,90,17
"121","ch01",150,61,4
"121","ss04",1799,895,36
"121","sc15a",1546,40,3
"121","01c",717,49,13
"121","ap10",343,476,14
"121","06b",1231,224,15
"121","ss18a",297,247,7
"121","uc02c",1493,119,17
"121","10k",972,47,13
"121","08n1",338,318,15
"121","ss01",1807,2038,51
"121","04g",388,19,4
"121","sc30b",575,22,6
"121","uc01a",1859,120,18
"121","04i",769,71,9
"121","10f",638,31,8
"121","rw21",1186,1420,41
"121","08l",2310,914,71
"121","ss07c",299,230,10
"121","ap01d",392,278,19
"121","08a",1306,1070,26
"121","ss08c",345,152,7
"121","ep04a",2550,104,21
"121","sc17b",4,1,0
"121","06f",1726,306,34
"121","ap06",694,888,20
"121","11e1",688,37,5
"121","09b",175,7,2
"121","ep04c",441,16,1
"121","ss05",864,692,24
"121","03s",408,20,0
"121","11m1",733,39,10
"121","04m",328,15,3
"121","02g",2523,349,44
"121","sc212",2537,176,32
"121","10r",385,22,5
"121","08g",1265,737,31
"121","sc14a",474,32,6
"121","05f",130,13,0
"121","09a",2098,595,63
"121","rw06",1335,934,43
"121","ap01a",2195,1864,50
"121","uc01e",374,19,2
"121","08n2",756,452,11
"121","ch05",90,240,3
"121","10c",1153,52,11
"121","03p1a",2118,313,40
"121","12k",1512,105,24
"121","ss09b",1545,1399,25
"121","fa01b",3087,345,23
"121","11e2",581,24,3
"121","ml03",1114,1902,35
"121","06e",1337,269,22
"121","sc19b",786,37,8
"121","12h2",1389,43,11
"121","ml01b",206,346,7
"121","ss26",1791,382,41
"121","06d2",380,108,10
"121","ap09a",1933,1508,45
"121","ss06",776,625,16
"121","07n",1081,228,15
"121","sc211",1212,62,9
"121","uc032",230,37,3
"121","11b1",392,24,1
"121","ap022",1000,778,18
"121","mp01",189,180,7
"121","sc08g",3,0,0
"121","sc05d",1829,80,9
"121","ss11d",172,145,8
"121","02e",1463,143,16
"121","uc01d",0,0,0
"121","03i",559,89,16
"121","04a",580,20,9
"121","sc09a",943,46,9
"121","02a1",354,88,8
"121","01t",808,67,11
"121","02a",2975,666,54
"121","04v",1288,69,14
"121","01d",435,34,3
"121","jc03a",283,198,5
"121","12h1",346,32,6
"121","07c",1945,1266,26
"121","10h1",269,8,4
"121","ep02b",982,154,13
"121","rw13",1583,1329,57
"121","cp051",921,43,7
"121","jc08",1267,1013,28
"121","rw19",801,950,30
"121","fc01",175,10,1
"121","06d1",1178,299,17
"121","ss11c",161,33,5
"121","01b",2984,301,42
"121","ep02e",697,52,14
"121","ss15b",756,344,26
"121","rw03",2038,1347,44
"121","08m",839,942,21
"121","01f",481,34,6
"121","sc08h",0,0,0
"121","07b",1154,1280,29
"121","ml02b",568,960,26
"121","ep03a",2674,178,24
"121","sc01a",50,3,0
"121","ss19b",1222,443,28
"121","sc11b",959,51,8
"121","jc13b",76,156,3
"121","sc17a",43,1,0
"121","10d",2117,121,24
"121","ap07a",1464,1370,37
"121","ss02b",684,231,14
"121","04k",1273,67,12
"121","12n",402,18,5
"121","uc02b",15,5,0
"121","jc05",1054,700,29
"121","rw02",1737,1523,70
"121","ss11b",655,235,10
"121","ml04",1075,1576,29
"121","ap04a",658,764,30
"121","cp07f",61,3,0
"121","cp04b",16,3,0
"121","04l",929,60,6
"121","03c",728,27,11
"121","09e",1514,123,21
"121","06l1",628,162,10
"121","jc01a",664,376,4
"121","ml05",1869,1794,32
"121","sc20",1964,55,14
"121","10e",569,31,2
"121","09i",563,35,7
"121","12e1",671,64,3
"121","ss13b",541,368,14
"121","12g",431,25,0
"121","ss29a",1316,729,25
"121","02k",924,135,14
"121","10j",479,24,6
"121","jc14",1042,1040,21
"121","09k",1598,87,27
"121","11b",2557,77,11
"121","11g",957,51,8
"121","11k",1158,53,13
"121","09m",1591,279,34
"121","ap09b",453,238,15
"121","ml06a",939,446,18
"121","sc07d",1060,48,10
"121","sc05a",458,16,3
"121","06d",4397,897,60
"121","rw08",823,1008,26
"121","rw01",1928,2276,50
"121","jc10",1246,725,27
"121","cp02",586,80,13
"121","06r",1092,261,13
"121","jc16",1108,976,27
"121","sc18a",380,13,3
"121","jc04c",596,361,21
"121","08p",946,186,17
"121","ep02c",261,48,5
"121","10h2",1083,50,6
"121","rw09",1641,2229,52
"121","ss17",1471,1253,24
"121","04t",643,40,7
"121","07d",2020,1211,38
"121","sc19a",134,7,1
"121","02l1",3440,668,60
"121","06j",1894,329,30
"121","02j",1412,163,33
"121","07a",3341,2030,66
"123","east-ellijay",227,1013,9
"123","boardtown",221,937,9
"123","mountaintown",136,715,9
"123","big-creek",205,917,16
"123","tails-creek",164,1036,13
"123","cartecay",170,1055,10
"123","leaches",392,1748,27
"123","ellijay-north",215,1050,17
"123","town-creek",119,726,12
"123","cherry-log",171,556,6
"123","ellijay-south",504,1763,15
"123","yukon",138,811,7
"123","ellijay-northeast",270,1102,14
"125","gibson",58,442,5
"125","mitchell",48,298,1
"125","edgehill",11,109,0
"125","mill",38,554,2
"127","college-place-umc",857,553,18
"127","se-baptist-bldg",382,908,20
"127","sterling-elementary",736,2280,21
"127","satilla-marshes",615,1427,30
"127","christian-renewal",967,2089,22
"127","howard-coffin-park",1160,639,32
"127","hampton-river",697,1665,26
"127","selden-park",465,194,4
"127","jekyll-island",277,343,4
"127","blythe-island-baptist",334,1462,17
"127","brookman",665,1725,24
"127","career-academy",579,1412,39
"127","ballard",694,1289,29
"127","urbana-perry-parks",1543,189,25
"127","first-baptist",1090,2312,38
"127","the-chapel",943,688,12
"127","sterling-church-of-god",835,1725,27
"127","c-b-greer-school",725,1530,29
"127","st-william-catholic-church",1122,2399,42
"127","northside-baptist",1193,787,30
"129","sugar-valley",116,891,5
"129","pine-chapel",84,644,7
"129","sonoraville",497,3246,38
"129","oostanaula",93,403,3
"129","plainville",197,1118,11
"129","gordon-county",769,3227,25
"129","fairmount",148,1215,17
"129","resaca",127,838,13
"129","calhoun-city",1702,4233,89
"129","oakman",116,790,4
"129","lily-pond",203,1097,11
"129","red-bud",332,1703,21
"131","spence",62,473,3
"131","cairo-4th-district",1269,298,7
"131","higdon",201,418,4
"131","pine-park",212,464,5
"131","midway",230,764,7
"131","whigham",195,640,3
"131","spring-hill",54,374,4
"131","ragan",103,261,1
"131","duncanville",119,242,1
"131","blowing-cave",104,513,2
"131","cairo-5th-district",740,985,9
"131","limesink",46,196,1
"131","woodland",284,1406,7
"133","greensboro",1501,1287,28
"133","siloam",368,338,2
"133","union-point",673,614,9
"133","old-salem",1421,4689,50
"133","white-plains",125,140,2
"135","hog-mountain-a",2110,1326,51
"135","lawrenceville-m",3651,1114,58
"135","sugar-hill-d",1439,1796,61
"135","lawrenceville-n",994,609,27
"135","pinckneyville-a",1283,362,12
"135","martins-d",1023,342,9
"135","berkshire-a",1033,529,16
"135","pinckneyville-x",1509,1130,35
"135","pinckneyville-w",1711,1069,54
"135","duncans-b",1560,2641,73
"135","pinckneyville-h",1980,1485,42
"135","hog-mountain-c",1442,1566,48
"135","martins-e",2766,474,41
"135","duluth-i",1986,1825,22
"135","baycreek-a",1041,1062,36
"135","duluth-g",1146,1137,43
"135","berkshire-l",1514,551,37
"135","suwanee-c",2190,1859,55
"135","pucketts-a",1562,2851,81
"135","suwanee-h",1203,1876,44
"135","pinckneyville-m",950,1265,37
"135","pinckneyville-o",1461,480,26
"135","pinckneyville-p",972,649,26
"135","baycreek-b",2998,1179,46
"135","pinckneyville-v",665,420,19
"135","baycreek-f",2353,1003,56
"135","lawrenceville-l",2201,1258,34
"135","garners-d",1807,537,30
"135","lawrenceville-h",1692,1429,52
"135","baycreek-j",2274,960,25
"135","goodwins-d",1658,1355,52
"135","pinckneyville-y",1393,371,13
"135","garners-c",855,560,25
"135","duluth-b",1312,1145,32
"135","rockbridge-a",2202,539,26
"135","rockycreek-b",1758,1911,71
"135","pinckneyville-t",1257,802,45
"135","pucketts-c",1014,1383,28
"135","duluth-k",1116,318,26
"135","pinckneyville-f",1065,452,27
"135","berkshire-j",1150,990,22
"135","sugar-hill-g",891,1316,32
"135","berkshire-b",2589,1008,42
"135","lawrenceville-k",1327,1139,39
"135","martins-a",1521,516,19
"135","lawrenceville-d",2101,621,37
"135","pinckneyville-j",1200,265,15
"135","duluth-c",887,680,31
"135","rockbridge-g",3251,712,35
"135","cates-k",1138,970,26
"135","martins-c",1092,682,26
"135","cates-o",589,521,9
"135","berkshire-q",652,626,19
"135","pinckneyville-u",955,528,12
"135","cates-e",1287,1041,45
"135","hog-mountain-b",1622,1883,36
"135","baycreek-h",3025,2229,56
"135","sugar-hill-e",1238,1373,52
"135","cates-c",1398,671,29
"135","martins-k",2690,892,35
"135","pinckneyville-a1",1041,1228,36
"135","cates-n",831,1128,31
"135","harbins-a",2782,2405,80
"135","martins-f",1076,421,18
"135","pinckneyville-i",1154,434,20
"135","baycreek-c",3086,1710,53
"135","cates-b",531,639,25
"135","baycreek-i",2639,1408,55
"135","lawrenceville-f",2077,681,34
"135","baycreek-e",1425,839,28
"135","pinckneyville-k",1694,489,23
"135","berkshire-n",1275,1169,33
"135","goodwins-a",1622,1101,36
"135","martins-b",1301,654,18
"135","pinckneyville-l",898,1089,38
"135","cates-l",1840,1126,43
"135","rockbridge-c",3055,664,28
"135","rockbridge-b",2082,642,25
"135","berkshire-m",734,671,17
"135","berkshire-e",767,789,24
"135","lawrenceville-i",1368,774,41
"135","harbins-b",1533,1919,42
"135","rockbridge-e",2311,620,40
"135","cates-j",1592,953,42
"135","duncans-d",2054,3387,68
"135","baycreek-k",1697,1166,41
"135","berkshire-g",1008,876,31
"135","goodwins-e",2190,1682,73
"135","lawrenceville-e",860,793,19
"135","cates-d",1637,1167,30
"135","cates-i",1606,1123,41
"135","suwanee-a",680,549,26
"135","suwanee-e",1541,1832,50
"135","suwanee-f",1550,1375,41
"135","sugar-hill-a",1389,1598,47
"135","rockycreek-a",2139,2277,66
"135","martins-i",1719,766,31
"135","duluth-e",2372,965,42
"135","berkshire-o",963,984,23
"135","martins-j",1948,514,28
"135","lawrenceville-c",982,1174,42
"135","rockycreek-c",1793,1836,58
"135","martins-h",2161,1171,35
"135","pinckneyville-c",889,741,19
"135","baycreek-d",1922,1481,52
"135","baycreek-g",3216,1332,43
"135","suwanee-d",1627,2150,53
"135","lawrenceville-j",1054,467,14
"135","pinckneyville-d",935,327,15
"135","garners-b",1549,742,16
"135","sugar-hill-f",1379,1568,53
"135","pinckneyville-z",722,873,28
"135","berkshire-h",768,447,10
"135","pinckneyville-s",1418,751,37
"135","cates-a",762,949,36
"135","duluth-f",2872,868,47
"135","pucketts-e",2112,1754,42
"135","cates-g",1133,1209,25
"135","suwanee-b",1818,1725,59
"135","goodwins-f",1325,877,37
"135","dacula",1976,1391,50
"135","goodwins-i",1033,877,32
"135","berkshire-p",561,321,17
"135","pucketts-b",957,1391,23
"135","duluth-d",2076,1204,39
"135","cates-f",652,750,18
"135","goodwins-g",1231,502,23
"135","lawrenceville-b",2428,1056,30
"135","duluth-a",2301,1479,68
"135","sugar-hill-c",1595,2225,69
"135","suwanee-g",1676,1233,50
"135","garners-a",1396,1321,51
"135","lawrenceville-g",1457,563,20
"135","pucketts-d",1147,1531,37
"135","goodwins-b",1443,1478,59
"135","garners-f",746,604,18
"135","duncans-a",1435,2326,39
"135","hog-mountain-d",1058,1192,31
"135","duncans-c",891,1570,40
"135","martins-g",1065,437,23
"135","duluth-h",1167,894,37
"135","rockbridge-d",2008,648,30
"135","pinckneyville-n",1922,383,37
"135","cates-h",1779,710,22
"135","sugar-hill-b",1854,2087,74
"135","pinckneyville-q",939,192,10
"135","rockbridge-f",3370,747,25
"135","goodwins-c",2609,1217,43
"135","lawrenceville-a",1313,941,25
"135","cates-m",1647,1533,46
"135","harbins-c",1069,1160,23
"135","berkshire-d",1293,895,49
"135","pinckneyville-e",1017,277,20
"135","pinckneyville-b",1447,532,17
"135","goodwins-h",1143,850,36
"135","berkshire-f",873,564,28
"137","city-of-baldwin",190,523,10
"137","mud-creek",455,2588,23
"137","town-of-mt-airy",111,403,9
"137","demorest",522,3098,37
"137","habersham-north",1177,5752,93
"137","amys-creek",250,1006,8
"137","habersham-south",858,3267,52
"139","oakwood-ii",720,2300,42
"139","friendship-i",1834,5056,94
"139","friendship-iv",842,1957,30
"139","whelchel",690,2514,38
"139","lula",353,2067,17
"139","gainesville-i",1018,1691,53
"139","friendship-ii",585,1825,36
"139","candler",1178,2695,57
"139","flowery-branch-ii",693,1732,51
"139","roberts",1025,3154,57
"139","gainesville-v",362,547,24
"139","glade",600,1870,48
"139","morgan-i",572,2419,45
"139","west-whelchel",761,2369,55
"139","chestatee",598,2273,48
"139","gillsville",130,755,8
"139","gainesville-iii",1264,1217,52
"139","quillians",259,1924,34
"139","big-hickory",407,2602,33
"139","flowery-branch-i",801,2424,53
"139","fork",549,2054,28
"139","clermont",281,2428,38
"139","morgan-ii",1005,2398,55
"139","friendship-iii",900,2390,51
"139","gainesville-iv",753,952,37
"139","oakwood-i",690,978,28
"139","gainesville-ii",1400,269,17
"139","chicopee",987,1219,41
"139","tadmore",1688,1787,43
"139","wilson",1287,2913,41
"139","bark-camp",799,3391,68
"141","st-mark",315,60,2
"141","courthouse",470,146,5
"141","devereux-fire-station",382,408,3
"141","second-darrien",192,93,2
"141","power-of-god",381,96,5
"141","second-beulah",315,48,0
"141","mayfield-community-center",197,37,0
"141","sparta-4c",84,26,2
"141","youth-center",561,115,1
"141","warren-chapel",88,130,1
"143","felton",12,209,0
"143","corinth",90,1050,13
"143","tallapoosa",300,1715,20
"143","buncombe",62,637,5
"143","mt-view",18,231,0
"143","berea-steadman",38,434,2
"143","seventh",168,1104,11
"143","bremen",760,3798,52
"143","twentieth",46,493,1
"143","waco",79,708,4
"143","little-creek",36,500,3
"143","buchanan",183,1452,14
"145","hamilton",718,1342,30
"145","goodman",452,730,12
"145","pine-mountain-valley",149,704,6
"145","ellerslie",1018,2326,36
"145","cataula",580,1696,28
"145","upper-19th",210,1082,10
"145","whitesville",283,798,18
"145","waverly-hall",731,1392,17
"145","skinner",255,429,6
"145","valley-plains",179,422,2
"145","lower-19th",458,1556,23
"145","mulberry-grove",424,1842,27
"147","hartwell",1451,3258,45
"147","cokesbury",345,499,5
"147","goldmine",272,1118,10
"147","bowersville",180,816,9
"147","shoal-creek",187,1059,14
"147","reed-creek",453,1912,17
"147","bio",269,802,6
"149","southwest",105,375,1
"149","cooksville-corinth",37,384,4
"149","centralhatchee",186,1122,11
"149","enon-grove",83,644,8
"149","franklin",331,1139,20
"149","ephesus",82,852,7
"151","stockbridge-east-west",3662,667,30
"151","kelleytown",1111,1633,40
"151","stockbridge-central",2034,679,34
"151","mcdonough-central",1828,1166,29
"151","pleasant-grove",1589,1579,33
"151","lighthouse",1755,918,30
"151","north-hampton",2956,1887,67
"151","lake-dow",1589,2217,31
"151","cotton-indian",1958,1324,35
"151","flippen",2443,948,23
"151","grove-park",1263,1471,34
"151","hickory-flat",2636,1221,35
"151","lowes",4666,2064,74
"151","lake-haven",1483,1584,40
"151","tussahaw",423,2112,38
"151","shiloh",1891,702,26
"151","mt-carmel",3201,782,31
"151","sandy-ridge",926,2666,37
"151","westside",3173,595,44
"151","mt-bethel",784,1855,32
"151","oakland",1819,1460,36
"151","ellenwood",2685,491,15
"151","unity-grove",1150,2486,38
"151","dutchtown",1068,947,22
"151","locust-grove",3274,1504,66
"151","pates-creek",2194,1416,25
"151","red-oak",3420,618,32
"151","shakerag",2567,347,16
"151","mcmullen",969,1898,51
"151","stagecoach",1453,931,19
"151","swan-lake",1213,1299,40
"151","south-hampton",2074,1715,43
"151","austin-road",1733,773,36
"151","mcdonough",1451,522,17
"151","wesley-lakes",3288,916,38
"151","timberridge",684,956,15
"151","east-lake",863,1838,27
"153","fmms",2983,3439,98
"153","mcms",2713,4203,102
"153","rozr",3554,6314,113
"153","hctc",2022,1909,63
"153","annx",1221,2180,60
"153","hafs",299,1083,7
"153","nses",676,1120,18
"153","recr",3878,1087,65
"153","hefs",361,675,11
"153","tms",2098,1493,50
"153","vhs",1578,3164,61
"153","cent",2353,3130,79
"153","cgtc",1374,2236,53
"153","twpk",1328,1868,59
"153","bms",2685,4812,125
"153","hhpc",3109,2821,93
"155","holt",97,430,3
"155","irwinville",104,1160,10
"155","ocilla",807,1544,13
"157","west-jackson",2283,9239,171
"157","north-jackson",1664,6920,116
"157","south-jackson",1266,4181,73
"157","central-jackson",2429,9157,171
"159","monticello",1171,2161,20
"159","wyatt",279,1064,12
"159","martin-burney",311,2597,29
"161","ocmulgee-2",66,280,5
"161","blackburn-1",111,381,5
"161","whitehead-2",29,451,0
"161","hazlehurst",408,406,10
"161","altamaha-1",68,447,6
"161","blackburn-2",24,493,3
"161","ocmulgee-1",127,821,11
"161","altamaha-2",43,913,5
"161","whitehead-1",152,503,3
"163","louisville",1534,1078,13
"163","wadley",854,371,7
"163","matthews",137,322,3
"163","wrens",1028,882,12
"163","stapleton",172,280,3
"163","stapleton-crossroads",117,188,3
"163","avera",50,232,0
"163","bartow",169,184,3
"165","court-house",369,292,6
"165","four-points",245,488,2
"165","perkins",162,548,5
"165","senior-citizens-center",114,591,6
"165","primary-school",376,242,9
"167","bray",156,460,5
"167","kite",53,617,4
"167","wrightsville",952,1251,19
"167","smith",61,522,0
"169","hawkins",1377,868,19
"169","gray",511,1575,15
"169","davidson",190,960,7
"169","pope",445,921,8
"169","sanders",30,115,1
"169","ethridge",442,823,9
"169","finney",545,1441,24
"169","clinton",468,1316,11
"169","roberts",604,1204,14
"169","barron",276,742,5
"171","milner",527,2368,27
"171","barnesville",1013,482,19
"171","chappell-mill-v-fd",207,975,16
"171","senior-citizen-bldg",322,570,9
"171","l-c-s-c",466,1546,19
"171","redbone",80,389,4
"173","lakeland",1019,2509,48
"175","fire-dept-sta-5",756,2090,17
"175","reedy-springs",104,583,5
"175","brewton",244,926,8
"175","minter",44,632,7
"175","burch",69,249,2
"175","harvard",124,161,1
"175","cadwell",78,479,2
"175","w-t-adams-fire-sta-18",503,1165,12
"175","buckeye",329,397,6
"175","smith",931,1040,16
"175","calhoun-park",2447,849,27
"175","rural-fire-sta-17",398,1199,13
"175","fbc-flc",1142,1912,33
"175","lcfs-10-valambrosia",547,883,5
"175","dudley",169,761,1
"175","hampton-mill",188,1167,8
"177","sda-church",308,916,14
"177","flint-reformed-baptist",461,1308,19
"177","leesburg",674,1558,24
"177","smithville",270,407,2
"177","chokee",160,189,0
"177","redbone",725,2749,28
"177","century-fire-station",777,1495,24
"177","first-baptist",941,2152,26
"177","cjc",65,425,3
"177","friendship-baptist",177,808,9
"179","memorial-dr-east",830,219,26
"179","lewis-frasier-school",1818,1034,47
"179","walthourville",1320,436,31
"179","fleming-east",633,1536,24
"179","lyman-hall-school",1820,612,42
"179","town-of-allenhurst",1218,395,22
"179","fleming-west",255,94,5
"179","button-gwinnett",317,221,21
"179","hinesville",653,521,14
"179","hinesville-lodge-271",1110,440,32
"179","gum-branch",884,902,22
"179","liberty-county-complex",1612,1388,38
"179","riceboro-youth-center",629,161,7
"181","lincoln-center",262,859,12
"181","bethany-church",72,340,5
"181","tabernacle",310,430,5
"181","lincoln-club-house",348,230,1
"181","midway",130,303,2
"181","faith-temple-of-lincoln",128,232,2
"181","martins-crossroad",185,785,9
"183","alma-flournoy",33,174,3
"183","faith-baptist-annex",119,372,8
"183","south-ludowici",329,328,9
"183","tibet",89,451,6
"183","north-ludowici",526,627,26
"183","rye-patch-oak-dale",601,1060,31
"183","beards-creek",336,516,12
"185","s-lowndes",624,2154,24
"185","northgate-assembly",376,526,15
"185","dasher",493,2415,20
"185","mildred",1835,303,9
"185","vsu-uc-2",105,14,2
"185","hahira-train-depot",854,3073,42
"185","mt-calvary",1572,148,17
"185","clyattville",806,2146,29
"185","jaycee-shack",2741,653,43
"185","northside",4717,6096,150
"185","naylor",329,614,7
"185","rainwater",2395,4096,74
"185","trinity",3270,3453,115
"187","dahlonega",3126,12163,242
"193","marshallville",544,360,5
"193","montezuma-5",680,191,1
"193","oglethorpe",511,353,4
"193","ideal",409,535,6
"193","montezuma-4",713,344,6
"195","collins",57,403,6
"195","colbert",702,1664,33
"195","fork",130,273,4
"195","harrison",34,445,7
"195","mill",178,1060,17
"195","pittman",292,1135,23
"195","paoli",27,191,1
"195","poca",115,704,14
"195","ila",168,1001,14
"195","hull",990,1950,42
"195","comer",364,716,11
"195","danielsville",354,1784,28
"197","fort-perry",105,476,5
"197","pineknot",67,600,7
"197","tazewell",46,207,4
"197","buena-vista",1046,730,20
"197","brantley",47,262,2
"189","131",583,157,7
"189","133a",257,590,4
"189","132",138,1025,11
"189","136",895,171,10
"189","137",176,766,10
"189","135",718,1442,21
"189","134",813,511,23
"189","139",261,449,9
"189","133b",327,1058,23
"191","crescent",868,501,16
"191","north-darien",528,943,22
"191","south-newport",414,1213,19
"191","townsend",116,308,0
"191","darien",654,1041,11
"191","sapelo-island",32,10,0
"199","gill-ii",519,146,5
"199","odessadale",93,138,0
"199","lone-oak",409,492,11
"199","alvaton",377,723,6
"199","durand",173,357,2
"199","gill-i",422,761,9
"199","cove",11,151,1
"199","woodbury",459,513,1
"199","greenville",667,676,7
"199","warm-springs",279,546,7
"199","raleigh",68,311,4
"199","luthersville",687,1186,5
"199","gay",75,217,5
"199","chalybeate",48,307,3
"201","colquitt-miller",749,2066,20
"205","lester",166,704,2
"205","camilla-north",1000,248,2
"205","hopeful",40,213,0
"205","baconton",331,400,8
"205","camilla-south",1171,1197,7
"205","cotton",28,288,0
"205","pelham",1080,1080,10
"205","branchville",82,385,3
"205","pebble-city",21,107,1
"205","sale-city",63,214,0
"205","hinsonton",13,99,0
"207","middlebrooks",168,810,15
"207","forsyth",1732,1334,31
"207","proctors",200,600,11
"207","bentons",402,1458,18
"207","evers",332,1274,17
"207","high-falls",212,1069,9
"207","brantleys",136,796,11
"207","culloden",113,214,3
"207","cox",130,428,3
"207","russellville",61,276,0
"207","kelseys",245,305,0
"207","dillards",135,558,9
"207","burgays",366,1523,15
"207","cabaniss",152,415,6
"209","ailey",95,244,2
"209","kibbee",35,369,4
"209","alston",48,325,1
"209","tarrytown",16,247,0
"209","mount-vernon",408,545,9
"209","higgston",217,769,9
"209","uvalda",160,461,2
"211","beth-springfield",137,553,7
"211","clacks-chapel",94,502,7
"211","north-morgan",475,1602,22
"211","west-morgan",421,1682,19
"211","northeast-morgan",1205,936,30
"211","central-morgan",628,1543,12
"211","east-morgan",395,1412,25
"213","spring-place",473,2068,23
"213","southwest",227,1757,12
"213","north",164,1358,8
"213","town",702,3403,59
"213","carters-doolittle",157,1227,11
"213","shuck-pen",341,1677,13
"213","mcdonald",238,1453,18
"215","wynnbrook",722,1453,18
"215","first-african",668,238,20
"215","britt-david",723,1031,32
"215","gentian-reese",1865,1670,46
"215","moon-morningside",1434,2146,49
"215","st-mark-heiferhorn",1676,3243,61
"215","carver-mack",2227,122,21
"215","st-john-belvedere",3124,230,16
"215","our-lady-of-lourdes",3537,864,70
"215","salvation-army",1129,994,22
"215","epworth-umc",1183,1320,49
"215","st-andrews-midland",2605,3024,68
"215","st-paul-clubview",1785,2190,66
"215","psalmond-mathews",2692,2837,78
"215","canaan",3286,664,47
"215","wynnton-britt",2228,716,24
"215","marianna-gallops",1014,382,17
"215","cornerstone",1841,2640,79
"215","mt-pilgrim",3465,212,30
"215","edgewood-baptist",1365,641,16
"215","st-peter",908,1346,34
"215","columbus-tech",1000,1118,25
"215","holsey-buena-vista",3896,553,39
"215","faith-tabernacle",2567,227,17
"215","cusseta-rd",2589,188,21
"217","downs",2374,1954,54
"217","hub",340,1560,31
"217","leguinn",401,1227,16
"217","mansfield",145,1066,11
"217","almon",2705,763,28
"217","covington-mills",1085,946,23
"217","oxford",586,1204,20
"217","beaverdam",2872,710,31
"217","buck-creek",1835,1395,31
"217","alcovy",1655,1687,51
"217","gum-creek",943,2244,25
"217","stansells",2416,805,23
"217","rocky-plains",1105,1297,30
"217","brewers",676,1845,25
"217","fairview",1573,233,12
"217","livingston",2094,837,35
"217","city-pond",642,398,21
"217","newborn",109,494,13
"217","crowell",2743,399,21
"217","brick-store",564,1441,29
"217","cedar-shoals",980,759,21
"217","town",1951,605,25
"219","bogart",557,1299,27
"219","antioch",280,874,12
"219","colham-ferry",494,1101,21
"219","marswood-hall",1211,2217,65
"219","north-oconee",282,772,16
"219","bishop",517,1086,25
"219","farmington",174,421,5
"219","high-shoals",483,1177,30
"219","city-hall",1303,1854,75
"219","east-oconee",857,1217,39
"219","dark-corner",666,2309,42
"219","civic-center",1338,2268,54
"221","crawford",710,1467,31
"221","beaverdam",746,1835,39
"221","lexington",980,2291,32
"223","russom-elementary",2229,4469,90
"223","crossroads-library",891,2206,42
"223","dobbins-middle-school",2965,2889,72
"223","shelton-elementary",1464,2537,37
"223","watson-govt-cmplx",3000,4233,126
"223","burnt-hickory-park",905,4036,66
"223","d-wright-innovation-ctr",1957,3116,58
"223","picketts-mill-baptist-church",651,1526,29
"223","beulahland-baptist-church",397,1449,24
"223","paulding-sr-center",1636,2760,72
"223","poplar-sprgs-bapt-church",1843,1516,34
"223","taylor-farm-park",745,1242,15
"223","legacy-bapt-church",1223,1852,48
"223","events-place",2226,1281,40
"223","paulding-county-airport",691,2210,57
"223","mulberry-rock-park",787,3626,36
"223","nebo-elem-school",1958,5133,121
"223","white-oak-park",1478,2588,66
"223","west-ridge-church",2658,5856,123
"225","byron-1",600,1408,26
"225","fort-valley-1",1079,681,13
"225","byron-2",1370,2299,43
"225","fort-valley-2",1055,564,11
"225","powersville",284,743,8
"225","fort-valley-3",1399,266,13
"225","claude",133,541,9
"227","tate",224,1654,27
"227","yellow-creek",583,2061,27
"227","jerusalem",101,755,3
"227","refuge",238,1499,20
"227","hill",241,1259,32
"227","ludville",38,442,6
"227","talking-rock",131,1086,10
"227","appalachian",231,1136,21
"227","hinton",59,491,16
"227","sharptop",474,1586,36
"227","jasper",337,1240,16
"227","nelson",151,866,19
"229","otter-creek",80,935,6
"229","mershon",25,337,0
"229","sunset-sweat",4,224,0
"229","patterson",131,821,3
"229","alabaha",55,602,3
"229","hacklebarney-cason",478,1898,15
"229","blackshear",226,1969,14
"229","st-johns-blackshear",101,1113,8
"231","concord",246,881,6
"231","hollonville",113,1277,8
"231","williamson",160,1244,16
"231","molena",181,980,11
"231","second-district",243,1799,13
"231","lifsey-springs",104,771,7
"231","meansville",103,907,8
"231","zebulon",355,1268,19
"233","rockmart",989,3178,41
"233","lake-creek",306,1901,8
"233","blooming-grove",187,966,10
"233","fish-creek",294,1584,17
"233","youngs-grove",165,1251,14
"233","aragon",386,1926,20
"233","cedartown",1331,2783,42
"235","courthouse-annex",1217,2805,37
"237","105",558,2472,21
"237","101",991,1216,23
"237","104",1148,1181,18
"237","106",160,843,10
"237","107",591,2579,44
"239","georgetown",467,565,5
"239","morris",30,39,0
"241","rabun-county",1984,7474,110
"243","coleman",80,90,2
"243","shellman",331,358,1
"243","cuthbert",225,11,1
"243","cuthbert-courthouse",833,690,6
"243","benevolence",77,179,1
"243","springvale",125,63,1
"245","801b",92,276,1
"245","107",697,578,20
"245","803",77,32,2
"245","804",808,567,9
"245","115",146,108,8
"245","307",472,702,25
"245","603",1181,1038,32
"245","604",724,313,12
"245","810",135,173,5
"245","106",384,125,9
"245","301",761,1154,30
"245","109",515,98,18
"245","509",1248,197,9
"245","601",1693,523,35
"245","702",530,852,31
"245","705",732,928,18
"245","305",101,276,5
"245","210",823,149,8
"245","805",379,166,3
"245","806",329,495,9
"245","402",1495,189,34
"245","703",1647,1189,47
"245","401",1424,94,9
"245","406",2130,205,23
"245","801",114,248,1
"245","102",483,160,8
"245","701",710,1087,32
"245","706",972,1451,49
"245","111",704,184,8
"245","108",287,40,7
"245","303",359,779,20
"245","304",112,158,5
"245","114",385,56,2
"245","308",235,152,8
"245","104",1540,109,17
"245","507",487,147,12
"245","708",73,161,0
"245","103",752,26,2
"245","503",2061,363,27
"245","105",511,34,5
"245","202",1790,727,32
"245","501",1861,269,11
"245","203",526,11,6
"245","101",355,294,8
"245","204",563,510,28
"245","208",1192,241,16
"245","506",162,69,1
"245","207",1221,151,11
"245","502",2296,249,26
"245","608",420,590,19
"245","707",858,506,14
"245","302",470,135,8
"245","306",1681,867,43
"245","709",211,194,7
"245","807",698,232,11
"245","310",2736,801,53
"245","405",2917,264,20
"245","504",909,336,20
"245","607",1145,80,10
"245","605",1508,755,31
"245","201",749,34,10
"245","802",729,1344,24
"245","809",586,45,4
"245","404",1030,142,10
"245","804h",900,1001,27
"245","112",336,202,6
"245","309",2135,307,26
"245","808",832,843,24
"247","bt",1099,1600,38
"247","sm",2326,763,33
"247","hc",968,762,20
"247","fi",3672,609,33
"247","ma",1226,962,35
"247","mi",2054,557,31
"247","hi",1611,835,16
"247","ba",2204,1274,34
"247","fs",2198,571,18
"247","sp",2600,759,26
"247","ot",3107,553,28
"247","co",1714,453,23
"247","la",855,351,22
"247","st",1473,929,24
"247","ro",2339,834,28
"247","lo",1798,1200,21
"249","precinct-one",462,1800,13
"251","hiltonia",286,327,4
"251","hunters",128,228,2
"251","sr-citizens-center",519,264,6
"251","greenhill-church",146,479,5
"251","jackson-fire-station",84,209,1
"251","newington",253,506,2
"251","jenk-hill-fire-sta",402,386,8
"251","cooperville-fire-station",128,57,1
"251","bay-branch",102,606,4
"251","sylvania",373,433,11
"251","screven-rec-dept",154,128,4
"251","rocky-ford",86,293,3
"253","precinct-2",257,492,2
"253","precinct-1",215,659,5
"253","precinct-4",155,619,3
"253","precinct-5",97,752,4
"253","precinct-3",530,89,5
"255","07",327,964,23
"255","13",249,1445,10
"255","17",397,755,9
"255","14",364,817,12
"255","10",537,910,12
"255","09",206,1106,13
"255","12",279,1306,23
"255","08",362,939,16
"255","19",537,1334,14
"255","03",575,1516,29
"255","11",615,1195,19
"255","01",859,152,6
"255","21",1498,2234,26
"255","05",1190,875,18
"255","16",1755,849,18
"255","20",238,1252,9
"255","02",844,116,7
"255","06",952,292,11
"257","senior-center",2385,9368,132
"259","louvale",125,83,1
"259","richland",501,345,1
"259","lumpkin",478,292,5
"259","omaha",78,81,0
"261","browns-mill",219,465,2
"261","airport",614,728,6
"261","plains",379,397,5
"261","rec-dept",1437,296,14
"261","agri-center",577,862,14
"261","concord",41,260,0
"261","leslie",416,770,9
"261","reese-park",1357,368,12
"261","andersonville",87,268,6
"261","thompson",216,227,6
"261","gsw-conf-center",975,1091,26
"263","oneal",256,189,2
"263","box-springs",144,200,1
"263","geneva",217,158,2
"263","valley",289,272,0
"263","junction-city",203,120,1
"263","flint-hill",488,330,6
"263","talbotton",517,123,4
"265","sharon",114,71,4
"265","crawfordville",447,289,3
"267","collins",227,783,3
"267","district-ii",532,1073,10
"267","cobbtown",99,436,4
"267","shiloh",182,370,4
"267","east-glennville",365,1405,28
"267","district-v",93,620,6
"267","district-iv",512,1221,12
"267","manassas",51,145,2
"269","precinct-5",252,1364,11
"269","precinct-6",580,935,16
"269","precinct-1",555,119,7
"271","mcrae",715,893,9
"271","lumber-city",334,386,6
"271","jacksonville",95,351,1
"271","milan",73,558,1
"271","helena",216,438,4
"271","scotland",54,199,0
"273","herod-dover",91,118,2
"273","bronwood",281,315,3
"273","sasser",310,637,10
"273","graves",146,289,1
"273","parrott",114,206,1
"273","dawson",1434,439,19
"275","fire-station-2",324,798,6
"275","douglass",1211,263,12
"275","patten",58,251,1
"275","resource-center",811,71,6
"275","pavo",90,401,2
"275","little-ochlocknee-baptist-church",182,730,4
"275","ochlocknee",149,684,3
"275","barwick",103,380,3
"275","jerger",580,883,16
"275","remington-esc",635,973,19
"275","gatlin-creek",408,1157,15
"275","new-covenant",412,1160,18
"275","scott",752,1156,27
"275","harper",999,300,12
"275","merrillville",133,368,2
"275","central",850,1719,24
"275","metcalfe",64,163,0
"275","coolidge",162,561,7
"275","boston",546,592,10
"275","meigs",239,344,4
"277","tifton-northwest",685,1637,32
"277","brookfield",162,882,13
"277","ty-ty",207,640,4
"277","tifton-lodge",701,1344,19
"277","tifton-northeast",818,1291,32
"277","eldorado",111,771,6
"277","mott-litman-gym",1174,272,15
"277","omega",129,403,11
"277","brighton",304,1480,18
"277","tifton-south",783,409,15
"277","chula",158,899,8
"277","docia",90,756,4
"279","43-cedar-crossing",72,908,12
"279","39-newbranch",109,946,7
"279","513-vpd",1271,2709,46
"279","15361-lyons",597,1656,14
"279","514-stialc",890,1653,24
"281","hiawassee",523,2162,11
"281","macedonia",477,2299,24
"281","young-harris",550,1923,10
"283","soperton",819,801,17
"283","annex",133,1300,7
"285","administration-bldg",1423,645,24
"285","gray-hill",357,991,19
"285","hollis-hand",707,1997,46
"285","highland",605,511,7
"285","hogansville",857,1817,28
"285","gardner-newman",886,1195,26
"285","griggs-center",1153,94,14
"285","west-point",831,449,16
"285","mcclendon",629,2132,27
"285","east-vernon",443,1958,25
"285","long-cane",626,1772,27
"285","northside",791,1042,15
"285","hammett-rd",1709,1025,30
"285","rosemont",561,2515,24
"287","ashburn",1217,1025,27
"287","rebecca",45,289,2
"287","sycamore",148,1035,4
"289","jeffersonville-ware",710,401,7
"289","shady-grove-tarvers",306,294,7
"289","higgsville",151,410,1
"289","golden-isles",687,484,9
"289","dry-branch",190,781,6
"291","jones-creek",276,1342,5
"291","pat-colwell",368,1488,9
"291","coosa",268,1575,11
"291","suches",93,381,2
"291","dooley",260,950,13
"291","gumlog",277,1429,11
"291","owltown",258,962,10
"291","blairsville",355,1518,12
"291","choestoe",199,908,10
"291","trackrock",180,698,10
"291","ivy-log",267,1400,15
"293","yatesville",250,783,4
"293","redbone",1280,4717,40
"293","town",2405,3064,50
"293","salem",266,44,2
"295","armuchee-valley",164,885,10
"295","rossville",943,2710,55
"295","la-fayette",832,3325,70
"295","fairview",418,1449,25
"295","mountain",178,714,13
"295","fairyland",321,593,22
"295","chickamauga",846,4089,61
"295","rock-spring",700,3831,53
"295","chattanooga-valley",996,3442,66
"295","walnut-grove",172,1385,21
"295","kensington",199,751,15
"297","social-circle",928,2347,40
"297","good-hope",239,1425,15
"297","jersey",155,1412,24
"297","loganville-south",830,1797,38
"297","e-monroe",922,1388,24
"297","broken-arrow",605,2616,39
"297","walnut-grove",295,1629,18
"297","west-walton",703,2564,34
"297","whatley",132,874,7
"297","w-monroe",313,1276,14
"297","loganville-north",993,2559,50
"297","blasingame",107,816,6
"297","gratis",131,896,11
"297","walker-park",499,2348,26
"297","north-monroe",1512,1311,31
"297","bay-creek",498,2064,37
"297","south-monroe",755,1779,36
"297","tara",1382,1633,27
"297","between",714,2888,34
"297","bold-springs",738,2969,40
"297","mountain",182,1026,10
"299","200b",290,206,7
"299","200a",574,1062,30
"299","100",2001,479,12
"299","404",24,263,1
"299","406",104,1067,17
"299","304",113,679,6
"299","300",630,2087,19
"299","405",23,454,2
"299","408",19,359,1
"299","407",17,339,2
"299","409",52,658,3
"299","400",364,2212,16
"301","warrenton",1469,1166,16
"303","tennille",1024,726,9
"303","warthen",246,327,2
"303","riddleville",149,281,3
"303","oconee",208,227,2
"303","harrison",252,494,9
"303","sandersville",2486,1942,35
"303","deepstep",111,312,4
"303","davisboro",254,354,2
"305","oglethorpe",168,1092,10
"305","red-hill",130,565,8
"305","pine-street",337,395,8
"305","altamaha",408,1379,10
"305","unity",363,967,18
"305","odum",89,906,2
"305","vfw",500,156,7
"305","screven",195,1190,7
"305","gardi",78,737,5
"305","rec-center",282,960,17
"305","empire",73,795,9
"305","madray-springs",64,845,3
"307","preston-1",639,748,3
"309","alamo",452,906,10
"309","glenwood",237,677,3
"311","mt-yonah",544,2549,42
"311","tesnatee",158,743,10
"311","helen",112,307,2
"311","blue-ridge",89,559,7
"311","town-creek",169,948,20
"311","white-creek",112,1152,14
"311","mossy-creek",253,1977,30
"311","robertstown",69,245,3
"311","blue-creek",359,1412,25
"311","nacoochee",365,866,10
"311","shoal-creek",181,1464,20
"313","dg",698,1542,36
"313","an",618,693,12
"313","lt",111,758,7
"313","tr",132,900,17
"313","gl",616,1004,14
"313","es",343,618,14
"313","th",546,2072,38
"313","1a",689,651,19
"313","fi",395,983,21
"313","ca",240,980,8
"313","ni",278,1430,15
"313","ut",104,683,7
"313","5a",782,346,17
"313","6a",565,259,12
"313","2a",678,1451,29
"313","ws",440,1493,16
"313","pg",911,2376,29
"313","va",838,2919,48
"313","3a",559,974,27
"313","ti",76,430,7
"313","mc",164,1061,15
"313","4a",710,1169,23
"313","co",177,844,9
"315","rochelle-north-1",235,92,3
"315","abbeville-south-5",149,554,3
"315","abbeville-north-2",109,272,2
"315","rochelle-south-4",99,658,5
"315","pineview-2",194,264,2
"315","pitts-3",76,563,1
"317","senior-citizen-center",677,389,10
"317","young-farmers-bldg",216,710,10
"317","tignal-sch-lunch-rm",259,431,7
"317","metasville-fire-sta",132,328,2
"317","rayle-city-hall",136,275,6
"317","edward-b-pope-center",484,192,6
"317","courthouse",255,498,6
"319","ramah",667,585,6
"319","midway",534,121,0
"319","lord",233,317,6
"319","high-hill",27,110,0
"319","griffin",31,125,1
"319","irwinton",360,295,3
"319","bloodworth",36,315,2
"319","turkey-creek",98,247,3
"319","ivey",89,549,10
"321","doles",30,284,2
"321","county-line",83,415,0
"321","oakfield",47,104,1
"321","scooterville",28,380,1
"321","piney-woods",83,127,0
"321","poulan",112,485,2
"321","red-rock",152,585,6
"321","shingler",45,375,1
"321","bridgeboro",134,689,7
"321","isabella",126,879,10
"321","sylvester-east",225,709,9
"321","minton",29,383,0
"321","sumner",113,462,2
"321","warwick",143,337,4
"321","sylvester",1045,616,15
