"County","Precinct","CST","REP","DEM","LIB","GRE"
"WAKE","05-07",0,322,283,10,1
"AVERY","13",1,99,25,1,0
"FORSYTH","506",0,452,789,11,1
"BRUNSWICK","18",2,1133,311,10,2
"HENDERSON","NW",4,757,415,7,6
"CUMBERLAND","G9B-2",5,1774,1708,34,9
"HARNETT","PR32",1,348,129,10,2
"COLUMBUS","P05",0,263,55,0,0
"GUILFORD","G18",0,127,73,4,1
"GRAHAM","EAST",6,1490,362,4,1
"GRANVILLE","TYHO",3,2279,1015,41,3
"HENDERSON","OS BOE",0,0,0,0,0
"ROBESON","38",0,208,80,2,0
"GUILFORD","G05",1,8,181,0,2
"ROBESON","30",3,1110,466,6,3
"BRUNSWICK","16",5,2809,1589,13,7
"BURKE","0015",2,866,224,2,2
"ROWAN","28",4,739,845,16,7
"SURRY","26",0,317,43,6,0
"PAMLICO","4HB",0,137,15,0,0
"CABARRUS","02-05",2,291,163,2,2
"IREDELL","ST4",2,1264,1071,26,4
"MECKLENBURG","044",2,284,790,12,1
"GUILFORD","H05",1,46,204,2,1
"MECKLENBURG","112",1,798,608,17,7
"FRANKLIN","03",7,1555,1403,30,4
"GATES","2",1,542,194,4,1
"NEW HANOVER","H02",0,467,696,14,2
"HENDERSON","PR",4,1197,594,21,7
"MCDOWELL","PLEASA",2,1251,378,15,4
"GUILFORD","MON3",3,485,163,6,1
"PERQUIMANS","NICANO",0,130,34,1,0
"GRANVILLE","CRDL",2,453,980,7,0
"WASHINGTON","SK",1,142,59,3,0
"COLUMBUS","P11",1,517,118,2,1
"DARE","PROVISIONAL",0,13,5,0,1
"CASWELL","MILT",1,680,870,8,0
"POLK","ONE STOP",5,4788,2329,42,7
"CHATHAM","3",2,1058,389,6,2
"GRANVILLE","MTEN",5,2303,1603,35,9
"NEW HANOVER","H01",0,213,232,11,4
"DURHAM","30-1",1,154,240,9,5
"GASTON","33",1,1451,253,17,2
"PITT","1509",0,198,194,8,5
"ALAMANCE","126",2,852,674,10,1
"GUILFORD","H09",0,27,162,1,3
"WAKE","OSWN 1-40",21,7215,9465,170,31
"WAKE","12-02",1,385,208,15,5
"COLUMBUS","P12",0,150,28,0,0
"RANDOLPH","GR",3,2331,569,24,3
"WAYNE","06",0,96,90,3,0
"WAKE","OSCS 81-120",1,192,327,4,4
"ALAMANCE","104",5,632,1014,19,3
"GRANVILLE","SOOX",1,246,763,8,2
"DUPLIN","CALY",0,247,77,0,0
"PENDER","LC09",0,883,423,6,2
"CUMBERLAND","G5B-2",1,355,1347,14,5
"ONSLOW","MT24",3,1086,300,23,3
"TRANSYLVANIA","RE",1,1187,289,11,3
"ROBESON","22",0,1037,743,6,7
"MCDOWELL","MAR 2",1,541,495,14,7
"BRUNSWICK","21",6,2584,1001,39,7
"COLUMBUS","P25B",1,910,79,2,0
"MOORE","PROVISIONAL",0,90,41,3,1
"HALIFAX","ENF1",0,80,348,0,1
"GUILFORD","PG1",1,119,54,4,3
"GASTON","25",5,1256,666,22,8
"BUNCOMBE","56.2",0,174,451,11,0
"PERQUIMANS","EAST H",2,300,406,8,2
"FORSYTH","908",3,1066,1321,28,5
"UNION","018",2,1703,1024,16,2
"BLADEN","P55",0,171,91,2,0
"ORANGE","NS",0,44,132,0,1
"DURHAM","24",1,142,176,10,3
"NASH","RMT DOWNTOWN OS",1,974,3806,15,4
"LINCOLN","OB21",0,370,48,3,0
"WAKE","OSCM 121-128",0,0,0,0,0
"MOORE","DHR",0,332,49,1,0
"CARTERET","WILD",1,1872,737,41,4
"AVERY","ONE STOP",4,3784,1215,26,5
"MECKLENBURG","058",3,637,817,27,8
"DURHAM","43",2,130,153,6,1
"SCOTLAND","05-10",1,255,126,3,1
"NASH","P12A",1,169,127,1,0
"UNION","001",2,244,455,5,3
"BUNCOMBE","22.2",2,157,750,5,5
"ROWAN","11",7,1535,725,11,7
"FORSYTH","032",7,1446,1006,23,9
"MARTIN","ABSENTEE",3,400,753,6,1
"WILKES","107",2,853,100,4,1
"SCOTLAND","07",0,201,214,1,0
"CATAWBA","14",4,685,612,14,3
"CUMBERLAND","CC13",2,78,994,8,5
"YADKIN","BNVL",0,554,91,5,0
"WAKE","01-34",0,24,218,1,0
"CUMBERLAND","G2C-1",3,841,1312,31,11
"MECKLENBURG","027",4,144,1285,9,9
"ORANGE","ES",0,41,73,1,1
"CATAWBA","08",1,1484,632,11,5
"WATAUGA","02",0,263,30,4,0
"STOKES","1819",1,279,56,1,0
"CATAWBA","30",3,1741,1082,24,8
"MACON","02",1,90,38,4,1
"BEAUFORT","GILEA",0,93,14,1,0
"ALAMANCE","03C",1,1143,865,20,3
"CUMBERLAND","CC16",3,55,1381,2,5
"STOKES","08",0,385,54,5,1
"YADKIN","FBSH",0,629,95,6,1
"LENOIR","W",3,751,147,6,0
"WILKES","112",1,436,66,3,1
"RANDOLPH","RN",5,3422,1029,36,4
"DAVIE","07",2,1122,275,9,4
"GASTON","05",1,613,919,4,3
"UNION","021",1,1657,438,17,3
"BEAUFORT","PANTE",0,224,66,0,0
"CHEROKEE","BRAS",1,522,187,2,2
"CLEVELAND","S 5",2,1066,963,17,0
"GUILFORD","FR4",0,141,85,5,2
"DARE","TRANSFER",0,0,0,0,0
"ROWAN","18",1,75,497,2,1
"HAYWOOD","WS-1",1,812,486,15,3
"SAMPSON","MING",1,1458,446,14,1
"CUMBERLAND","CC26",2,559,1828,37,10
"WAYNE","13",0,79,109,1,0
"YANCEY","04 RAM",0,197,67,2,0
"GUILFORD","H29B",0,133,133,9,1
"CHATHAM","NWM117",11,1572,3666,36,7
"SAMPSON","INGO",0,436,463,3,0
"UNION","008",1,663,1113,7,3
"RANDOLPH","AN",5,1701,964,27,3
"FRANKLIN","02",2,530,655,11,3
"GUILFORD","SF3",0,258,118,7,0
"WAKE","04-17",1,122,120,9,0
"GUILFORD","H16",1,116,68,0,0
"NASH","P24A",0,226,142,6,2
"STOKES","07",0,201,32,1,0
"IREDELL","ST1",8,1778,1250,30,4
"HERTFORD","CO",0,19,77,0,0
"HENDERSON","MG",0,473,185,9,0
"SCOTLAND","02-25",0,161,177,2,1
"MACON","05",0,210,44,3,0
"WAKE","19-13",0,168,119,4,2
"NEW HANOVER","ONE STOP NLB",15,9595,5892,141,28
"STOKES","12",0,374,45,3,0
"UNION","024",2,1570,371,16,1
"DURHAM","03",1,43,116,3,0
"BEAUFORT","SURBA",2,494,65,3,0
"GUILFORD","G72",2,25,257,1,2
"DARE","NGHD",2,301,120,5,0
"WATAUGA","18",1,136,40,4,1
"WAKE","ABSEN 41-80",49,7058,25883,379,107
"BERTIE","TRANSFER",0,0,0,0,0
"WAKE","13-11",1,179,98,4,0
"RICHMOND","15",0,61,7,0,0
"DURHAM","30-2",1,97,239,7,1
"MECKLENBURG","060",1,81,1053,7,2
"WAKE","17-05",2,191,247,7,3
"MECKLENBURG","111",1,892,976,18,4
"CARTERET","BOGU",5,1889,510,19,6
"BUNCOMBE","08.3",1,129,578,9,5
"PERSON","RCTL",7,1516,1548,19,8
"CATAWBA","04",2,322,308,8,1
"MECKLENBURG","037",2,607,847,22,2
"PITT","1512B",1,139,169,6,1
"FORSYTH","021",2,2298,722,23,4
"MECKLENBURG","007",2,307,864,10,3
"CALDWELL","PR29",0,216,88,2,0
"FORSYTH","703",1,271,781,10,6
"EDGECOMBE","1203",1,279,150,3,1
"DARE","MATO",4,333,127,12,2
"MCDOWELL","T.COVE",0,489,98,0,1
"HYDE","FF",0,122,32,1,0
"CRAVEN","N3N5",5,1121,1509,32,7
"JOHNSTON","PR14",1,381,68,5,2
"CLAY","BRAS",2,456,182,3,1
"GUILFORD","MON2B",1,107,125,3,0
"ANSON","GULL",3,344,403,5,0
"ORANGE","CO",0,57,77,2,1
"NEW HANOVER","ONE STOP CFC",7,994,4941,56,26
"JONES","P02",0,97,22,0,1
"LINCOLN","NB35",1,452,40,2,1
"ASHE","13",1,674,230,9,1
"FORSYTH","302",0,48,629,3,1
"WAKE","OSAB 41-80",5,2878,3335,54,3
"GUILFORD","JEF4",1,177,52,3,1
"GRANVILLE","BERE",2,758,511,11,4
"LINCOLN","HC33",0,408,75,4,2
"DAVIDSON","14",5,1241,132,12,2
"WILSON","PRWD",2,828,575,17,1
"MOORE","WAB",0,216,107,11,1
"CHATHAM","85",2,1087,960,8,6
"BEAUFORT","ABSENTEE",6,1047,1910,31,4
"BEAUFORT","PSJW3",0,30,166,0,0
"NASH","P20A",0,170,128,6,2
"GUILFORD","G58",0,72,195,3,3
"UNION","037B",1,860,473,8,2
"DUPLIN","OS KENANSVILLE",6,4899,2496,17,5
"MECKLENBURG","085",2,566,907,17,5
"CABARRUS","02-07",1,268,125,1,2
"WILKES","122",0,377,14,1,0
"MECKLENBURG","223.1",8,1603,3234,38,13
"NEW HANOVER","H12",3,472,580,23,2
"CALDWELL","PR08",0,236,51,1,0
"FORSYTH","601",3,274,1022,5,7
"ORANGE","DM",1,72,105,7,0
"DURHAM","45",0,168,139,10,1
"DURHAM","38",1,101,270,7,2
"GUILFORD","H29A",0,105,102,7,0
"MECKLENBURG","217",6,771,879,14,0
"HENDERSON","CC",3,1744,616,16,4
"FORSYTH","803",2,719,786,14,1
"WAKE","OSOP 1-40",15,4685,7559,140,26
"LEE","PROVISIONAL",0,27,16,1,1
"HYDE","PROVISIONAL",0,9,4,0,0
"BUNCOMBE","23.2",1,51,156,0,2
"MECKLENBURG","215",5,1189,1121,31,4
"MITCHELL","01",1,814,222,6,0
"STANLY","0007",3,1074,617,15,2
"NEW HANOVER","FP08",4,611,600,21,5
"GASTON","01",1,423,562,16,7
"YANCEY","11 PRI",2,746,224,5,2
"BUNCOMBE","45.1",2,425,604,19,9
"CLAY","HAYC",2,251,86,3,0
"MCDOWELL","NEBO",2,1566,493,11,5
"JONES","TRANSFER",0,0,0,0,0
"YADKIN","NBCK",1,334,58,1,1
"CALDWELL","ABSENTEE",11,2311,2497,37,17
"WAKE","07-04",2,215,239,13,3
"PASQUOTANK","TRANSFER",0,0,0,0,0
"ORANGE","EF",1,154,66,2,2
"GASTON","30",1,1233,515,9,2
"CATAWBA","28",6,1551,738,24,7
"HOKE","14",8,1062,1953,53,8
"WAYNE","10",0,56,143,2,0
"TYRRELL","2",1,140,91,2,0
"MECKLENBURG","025",4,33,1366,8,10
"CUMBERLAND","CC06",2,435,430,13,3
"DUPLIN","WOLF",0,442,73,0,0
"BERTIE","OS LW",1,193,992,2,3
"HAYWOOD","CR",3,725,321,10,3
"WAYNE","22",0,70,95,3,0
"PITT","1403A2",0,137,109,5,2
"ONSLOW","VR15",3,1060,356,46,3
"WAKE","07-12",0,121,138,15,1
"MECKLENBURG","048",0,634,577,10,2
"BERTIE","M1",1,120,64,0,0
"MARTIN","W1",1,161,149,2,0
"GUILFORD","G09",1,72,257,6,4
"GUILFORD","G65",0,122,144,8,2
"JOHNSTON","PR25",0,173,142,3,2
"CURRITUCK","IR",1,281,45,3,0
"AVERY","05",1,91,10,0,0
"BRUNSWICK","22",2,1627,862,17,3
"MACON","ONE STOP BOE",12,8478,2733,77,11
"BUNCOMBE","ECBL",10,5186,3366,62,13
"CABARRUS","02-08",0,502,270,12,2
"HAYWOOD","CE",0,260,36,3,0
"DURHAM","51",0,89,131,11,1
"YADKIN","SKNB",0,301,29,3,2
"WILKES","126",0,217,17,2,0
"TYRRELL","PROVISIONAL",0,0,0,0,0
"PITT","1513A",0,195,130,11,4
"PAMLICO","1AL A",0,279,105,6,2
"WAKE","13-08",0,126,270,5,3
"PASQUOTANK","ABSENTEE",4,758,1760,23,16
"MONTGOMERY","ROC",0,212,353,1,0
"GASTON","36",1,1959,435,19,2
"NASH","P14A",0,220,48,3,0
"WATAUGA","03",0,161,69,3,1
"MACON","13",1,263,34,0,0
"RICHMOND","BROWDER",7,2679,2004,25,9
"HALIFAX","RR 11",0,234,107,2,0
"ORANGE","WD",0,52,78,5,3
"GUILFORD","CG1",2,106,153,4,0
"CHOWAN","5",0,567,157,4,0
"RUTHERFORD","14",1,1162,635,19,3
"SCOTLAND","04",1,219,109,2,1
"GASTON","09",3,654,707,11,4
"CABARRUS","03-00",5,469,188,8,2
"EDGECOMBE","TARBORO 1",8,3295,4623,27,11
"BERTIE","OS POW",1,747,1057,5,3
"BRUNSWICK","03",4,562,735,11,2
"NEW HANOVER","W29",2,57,763,11,0
"ORANGE","HF",0,62,70,4,1
"ALEXANDER","LRSL",1,1334,255,7,2
"WAKE","10-02",2,275,196,13,3
"NASH","P17A",3,202,265,5,0
"LENOIR","K1",0,13,449,2,3
"LENOIR","FC",3,2224,1000,17,3
"GUILFORD","H12",0,40,106,0,2
"ROCKINGHAM","HU",7,2704,806,22,8
"GUILFORD","G28",0,78,68,7,1
"WAKE","19-09",0,432,141,14,2
"HAYWOOD","AC",6,965,435,17,3
"BUNCOMBE","60.4",0,147,329,4,1
"DARE","DUCK",0,135,71,3,0
"WATAUGA","17",0,120,30,3,0
"WAKE","17-12",1,112,201,11,3
"WAKE","12-01",0,427,171,23,3
"WILSON","PROL",5,2297,832,22,2
"WAKE","OSLH 81-120",0,435,642,11,3
"CARTERET","BFT2",8,1751,1121,15,3
"CUMBERLAND","G9B-1",2,1660,1579,30,6
"WAKE","20-16",0,214,228,7,5
"DURHAM","OS SRL",13,2107,10797,99,37
"GREENE","MAUR",1,688,570,2,1
"CALDWELL","OS GRANITE REC",15,11425,2185,79,10
"UNION","005",4,1518,1025,19,1
"BEAUFORT","PINET",3,315,18,4,0
"CHOWAN","2",4,1260,1128,18,1
"AVERY","15",0,77,17,1,0
"MECKLENBURG","017",3,131,982,9,8
"FORSYTH","071",3,1719,1387,28,7
"TYRRELL","3",0,52,17,0,0
"DAVIE","08",5,925,628,10,9
"STOKES","03",1,431,32,4,0
"SCOTLAND","06-89",0,372,115,2,0
"AVERY","11",0,92,26,0,0
"NEW HANOVER","W31",1,455,714,9,5
"WAKE","17-09",0,81,338,2,3
"CARTERET","MASM",0,347,159,4,1
"WAKE","18-05",3,364,143,9,0
"GUILFORD","FR5A",1,168,124,8,1
"CHEROKEE","HIWA",2,1185,342,7,1
"GASTON","45",2,1571,1376,35,5
"ROBESON","28",2,525,231,1,2
"GUILFORD","PROVISIONAL",1,161,240,4,3
"GUILFORD","JEF1",2,219,111,2,1
"JOHNSTON","PR27B",0,255,137,5,3
"BLADEN","P10",0,102,66,0,0
"FORSYTH","809",3,956,1381,30,7
"YANCEY","03 EGY",0,284,132,4,0
"MADISON","MARS H",6,1709,1243,19,8
"MECKLENBURG","071",1,630,592,12,2
"MECKLENBURG","050",1,398,760,19,5
"WAKE","01-05",1,191,136,1,0
"LINCOLN","WP32",1,400,110,6,5
"MECKLENBURG","222",6,973,3561,36,20
"RICHMOND","PROVISIONAL",1,56,42,0,0
"WAKE","13-10",1,369,202,8,2
"WATAUGA","15",0,176,131,9,1
"PENDER","UU17",2,490,343,0,0
"GUILFORD","G38",2,112,138,5,1
"CALDWELL","PR21",1,380,59,5,0
"LENOIR","C",2,959,779,4,3
"WAYNE","03",0,361,82,7,2
"LINCOLN","LS12",0,133,89,3,0
"WAKE","18-06",1,252,285,20,4
"DURHAM","27",1,79,99,3,2
"GUILFORD","OR1",0,195,65,5,2
"GASTON","08",1,427,840,12,8
"WILKES","104",2,293,50,3,0
"HALIFAX","TRANSFER",0,0,0,0,0
"WAKE","OSWA 41-80",10,4802,3343,87,17
"DURHAM","OS DUKE",7,1283,11188,103,35
"WATAUGA","01",0,56,13,1,0
"CALDWELL","PR13",0,422,49,2,0
"BURKE","0018",0,272,135,0,1
"MECKLENBURG","075",2,980,993,21,3
"WAKE","OSZB 1-40",9,4552,4398,64,10
"PAMLICO","5AP",1,1183,612,4,4
"ORANGE","CP",2,127,62,6,1
"SAMPSON","CLSW",0,692,465,9,1
"GUILFORD","H21",2,126,61,4,1
"GUILFORD","G13",0,96,96,4,4
"WAKE","20-04",0,238,156,9,2
"DURHAM","17",0,28,177,3,4
"LINCOLN","PC22",1,364,71,9,0
"GUILFORD","H20A",1,76,71,3,0
"JACKSON","GCK",1,515,352,9,5
"UNION","039",0,1603,496,16,4
"DUPLIN","ROSE",0,197,106,0,0
"BUNCOMBE","47.1",4,696,441,19,5
"CARTERET","MHD2",3,1327,793,28,4
"WAKE","10-04",3,614,387,16,4
"HOKE","01",1,167,102,3,1
"PENDER","LU16",2,649,236,8,1
"IREDELL","BE",4,2997,1198,34,12
"ALAMANCE","12S",2,246,525,3,3
"STANLY","0020",5,1795,277,7,1
"NASH","P19A",0,329,196,6,0
"CUMBERLAND","CC33",3,592,1142,22,5
"ANSON","ANS",0,430,338,6,1
"HALIFAX","RR1-2",0,120,66,5,0
"PERSON","WDSD",0,443,432,6,3
"HOKE","15",2,676,1161,30,3
"MECKLENBURG","004",4,286,923,15,5
"NORTHAMPTON","OS RICHSQUARE",1,200,822,4,0
"CALDWELL","PR18",1,267,51,5,2
"ONSLOW","CL10",1,1639,457,62,4
"MARTIN","ONE STOP CBR",2,3032,2797,25,3
"NEW HANOVER","W15",3,255,1027,15,8
"GRANVILLE","WILT",4,3306,1682,45,6
"ROCKINGHAM","NB",3,2257,653,19,4
"CLAY","WARN",0,460,124,2,1
"ROWAN","03",2,1590,282,18,4
"RICHMOND","14",0,21,40,1,0
"CATAWBA","06",2,1418,537,9,3
"WAKE","OSCS 41-80",0,959,1649,28,3
"SURRY","09",0,259,26,4,2
"WAYNE","OS MAX",17,12011,5487,102,21
"EDGECOMBE","0501",0,96,67,0,0
"GUILFORD","G59",0,52,139,6,0
"RUTHERFORD","06A",5,1211,812,20,5
"HARNETT","PR20",1,255,214,9,4
"BUNCOMBE","69.1",1,302,385,18,7
"WAKE","OSTA 41-80",4,1076,3756,51,11
"MCDOWELL","DYSART",2,1377,392,17,1
"BURKE","0035",2,474,586,8,7
"WAKE","05-05",1,343,372,28,2
"WAKE","01-31",1,120,319,9,8
"PENDER","SB02",1,1461,939,25,4
"WAKE","16-06",0,83,108,5,0
"CHEROKEE","GCRK",1,321,43,3,3
"GUILFORD","G36",2,119,125,4,0
"UNION","026",2,1206,337,10,0
"PERSON","PNTH",6,1403,1548,25,11
"FORSYTH","072",6,2627,2159,47,12
"CUMBERLAND","G10C",3,1705,1308,30,8
"WAYNE","21",0,78,102,3,0
"LEE","ABSENTEE",4,1366,2623,39,12
"FORSYTH","123",3,1118,1359,25,6
"JOHNSTON","PR07",0,676,138,10,1
"WILSON","PRGA",1,949,820,7,4
"CABARRUS","OS HAR",23,8922,9576,161,26
"MECKLENBURG","100",2,873,896,20,1
"GASTON","35",0,1086,304,3,0
"PITT","1510B",1,161,116,7,2
"GASTON","26",2,1438,891,26,4
"CARTERET","PELE",0,842,257,11,0
"JOHNSTON","PR04",3,316,85,0,0
"NEW HANOVER","W28",1,288,582,19,5
"MECKLENBURG","045",2,354,848,10,4
"CABARRUS","02-09",1,373,268,9,2
"MACON","07",0,264,57,6,2
"FRANKLIN","06",4,606,676,9,4
"BUNCOMBE","44.1",4,452,1111,19,2
"FORSYTH","804",3,444,627,16,1
"CATAWBA","32",3,1426,828,28,4
"GUILFORD","PG2",2,298,49,7,2
"CALDWELL","PR35",0,249,40,3,1
"GRANVILLE","WOEL",0,435,709,7,1
"MECKLENBURG","133",4,1975,1454,30,9
"MITCHELL","03",0,386,70,1,0
"BUNCOMBE","35.1",1,172,418,1,1
"JOHNSTON","TRANSFER",0,0,0,0,0
"MARTIN","ONE STOP EES",3,574,1304,7,5
"GUILFORD","G56",1,76,151,1,2
"WAKE","16-03",0,158,117,3,1
"PAMLICO","1GB",0,624,143,6,0
"ALAMANCE","125",2,931,692,9,1
"WAKE","08-11",1,284,210,17,2
"MECKLENBURG","006",2,214,1010,8,7
"BUNCOMBE","39.2",1,150,199,6,0
"NEW HANOVER","W03",0,103,498,16,5
"ALAMANCE","06S",5,1392,1029,21,3
"MECKLENBURG","013",5,559,1801,35,7
"WAKE","OSLH 121-128",0,4,4,0,0
"PITT","1001",0,409,201,10,2
"ASHE","02",3,773,208,10,2
"IREDELL","DV1-A",14,5450,2725,85,15
"SAMPSON","PLVW",2,1727,369,15,5
"MECKLENBURG","001",3,409,572,5,0
"LINCOLN","DN29",0,369,63,8,1
"JACKSON","RIV",2,388,219,8,0
"DARE","AVON",1,166,44,3,3
"FRANKLIN","14",6,2312,1279,44,9
"MECKLENBURG","124",2,205,1363,10,10
"DAVIDSON","68",1,704,471,8,2
"FORSYTH","131",3,1466,1349,33,6
"NORTHAMPTON","LASKER",0,78,7,0,0
"FRANKLIN","01",2,471,897,8,5
"RUTHERFORD","16A",3,1698,400,12,4
"DAVIE","09",0,1128,461,21,3
"GUILFORD","JEF2",2,142,175,6,3
"PASQUOTANK","MH",0,407,142,15,2
"WAKE","08-10",1,155,99,7,5
"WATAUGA","10",0,105,21,4,0
"MOORE","TRANSFER",0,0,0,0,0
"HAYWOOD","BE-4",1,822,337,13,0
"AVERY","12",0,110,6,1,0
"MONTGOMERY","BIS",4,550,538,7,4
"WAKE","01-49",1,167,281,18,1
"WAKE","07-07",1,261,216,11,3
"GASTON","27",5,2637,1429,39,4
"UNION","041",4,2315,1482,22,7
"MCDOWELL","N.COVE",1,526,145,6,0
"MECKLENBURG","051",3,634,1017,18,5
"MITCHELL","07",0,142,17,0,1
"MECKLENBURG","039",3,112,1448,17,11
"WILSON","PRWI",2,363,884,7,2
"DURHAM","13",0,8,159,1,2
"GASTON","40",3,2506,1245,19,5
"ALAMANCE","124",2,739,679,13,10
"DURHAM","29",0,174,178,1,2
"HARNETT","TRANSFER",0,0,0,0,0
"GUILFORD","G71",0,28,257,2,3
"WAKE","16-11",0,63,172,1,1
"MECKLENBURG","121",1,1448,1014,26,1
"MECKLENBURG","213",8,359,2629,12,10
"WAKE","20-08",1,307,196,14,2
"GUILFORD","H19A",1,42,129,1,2
"PITT","0401",1,239,241,3,0
"BUNCOMBE","63.1",0,152,85,3,0
"GUILFORD","H27-B",1,105,79,2,0
"ALAMANCE","03N",3,1197,1301,12,3
"FORSYTH","805",7,832,1222,19,3
"BLADEN","P75",0,94,93,0,0
"HALIFAX","CONC",0,39,54,1,0
"MONTGOMERY","LIT",0,371,49,5,0
"MECKLENBURG","052",2,128,1428,6,10
"SAMPSON","CLWE",1,901,508,7,0
"BUNCOMBE","06.1",0,96,394,3,1
"GUILFORD","H14",0,176,63,5,0
"AVERY","09",0,129,13,1,0
"SAMPSON","HARR",4,436,845,7,0
"UNION","029C",1,1360,749,17,6
"WAKE","07-06",3,219,120,16,3
"BEAUFORT","EDWAR",0,145,72,2,0
"BUNCOMBE","681",0,92,62,2,0
"BEAUFORT","WASHP",0,165,48,3,0
"YANCEY","01 BUR",3,1571,993,24,6
"GUILFORD","G08",0,72,195,3,0
"SURRY","01",1,266,35,4,0
"HERTFORD","BOE OFFICE",4,1599,3482,11,6
"FRANKLIN","09",1,799,411,9,2
"PITT","PROVISIONAL",2,254,342,11,5
"ASHE","09",6,1886,719,19,1
"CATAWBA","27",3,2446,607,27,4
"DAVIDSON","62",0,264,512,7,5
"LINCOLN","ST36",0,455,121,3,0
"AVERY","10",0,236,38,4,0
"GUILFORD","H23",0,113,54,2,0
"PAMLICO","2SW",1,233,101,3,1
"ORANGE","CS1",0,110,60,5,1
"BLADEN","P80",2,167,69,0,1
"CUMBERLAND","G2B",5,1097,1964,44,7
"FORSYTH","904",2,369,1335,16,5
"MECKLENBURG","138",2,420,1690,20,5
"WILSON","PRWL",5,960,964,22,2
"STANLY","0027",2,1528,474,7,2
"ONSLOW","ML23",1,621,241,12,0
"BURKE","0070",1,1400,535,9,1
"SURRY","25",0,268,46,2,0
"ASHE","07",0,201,71,4,0
"MONTGOMERY","PEE",0,809,189,5,0
"MARTIN","HS",0,24,36,0,0
"DARE","MH",1,171,35,4,0
"CARTERET","BFT1",1,529,695,8,3
"BRUNSWICK","10B",2,3241,2250,17,7
"DURHAM","40",1,27,96,1,0
"GUILFORD","SMAD",0,186,94,6,2
"WAYNE","ABSENTEE",12,2403,4379,66,20
"STANLY","0022",3,1274,321,6,2
"EDGECOMBE","1204",0,12,165,0,1
"MOORE","LTR",2,284,63,4,0
"ASHE","17",0,483,127,7,1
"MADISON","GRAPEV",3,574,277,8,2
"ORANGE","WH",0,103,126,7,2
"GUILFORD","G21",0,164,177,6,1
"RUTHERFORD","30",2,1440,1040,16,6
"ROWAN","04",9,2698,592,25,2
"WASHINGTON","LM",0,73,95,0,0
"DURHAM","44",3,157,121,4,1
"NORTHAMPTON","ABSENTEE",0,263,705,5,1
"CUMBERLAND","CC25",2,524,838,19,6
"EDGECOMBE","0901",0,263,49,2,0
"WAKE","01-39",0,92,128,15,1
"WILSON","PRWB",1,55,629,4,0
"ORANGE","SM",1,278,81,6,1
"NASH","P21A",2,94,203,2,0
"ORANGE","HE",1,88,40,2,2
"PASQUOTANK","WEST",0,66,167,7,2
"WAKE","19-16",0,208,132,5,1
"CARTERET","NPT2",6,1774,444,34,1
"LEE","C1",0,384,160,2,4
"WILSON","PRWA",0,103,491,3,2
"CHEROKEE","HANG",2,498,87,9,1
"BRUNSWICK","01",1,775,565,9,2
"CABARRUS","08-00",0,494,83,12,1
"CLEVELAND","S 4A",7,1827,1629,22,6
"WAKE","02-01",1,344,133,10,1
"PITT","ABSENTEE",18,2758,8379,96,35
"PITT","1506",0,71,131,3,0
"WAKE","01-47",2,212,89,6,2
"BURKE","0019",0,329,168,1,1
"DAVIDSON","04",9,3100,853,28,6
"MADISON","HOT SP",2,408,227,6,0
"CATAWBA","10",0,175,239,5,2
"GRANVILLE","SALM",2,766,697,9,2
"HENDERSON","OS ETOWAH",0,0,0,0,0
"MECKLENBURG","064",0,221,517,10,3
"CABARRUS","04-03",1,251,178,6,4
"FRANKLIN","15",10,919,1644,21,5
"ORANGE","PA",1,81,81,0,0
"WAKE","01-35",0,24,221,1,1
"GASTON","18",8,2291,2279,45,14
"ROWAN","35",1,263,618,8,2
"MECKLENBURG","047",1,695,953,17,4
"MONTGOMERY","T1",1,954,533,14,1
"SAMPSON","TURK",0,443,406,4,1
"ALEXANDER","G1G2",3,1047,229,1,0
"DARE","ONE STOP TWO",1,1114,673,14,3
"LINCOLN","WEST OS",1,4095,747,17,6
"CHATHAM","PIT113",3,2524,3729,59,20
"NORTHAMPTON","SEVERN",0,71,16,2,0
"GUILFORD","CG2",1,152,116,1,2
"MECKLENBURG","143",6,2015,1608,39,9
"MECKLENBURG","042",2,78,1384,5,7
"PAMLICO","4MSIC",0,65,83,0,0
"DURHAM","42",1,8,126,2,0
"WILKES","TRANSFER",0,3,0,0,0
"HAYWOOD","BE-3",1,978,338,7,5
"FORSYTH","704",2,410,1152,30,7
"WAKE","02-02",1,528,167,17,2
"COLUMBUS","P09",2,388,359,2,2
"MONTGOMERY","CHE",0,426,127,2,0
"HENDERSON","CV",1,166,193,1,2
"BEAUFORT","CHOCO",0,236,110,6,2
"CATAWBA","20",3,1963,596,19,12
"MECKLENBURG","232",5,1674,1382,36,6
"BURKE","0020",0,437,334,6,1
"CUMBERLAND","G10B",3,990,1146,28,6
"NORTHAMPTON","SEABOA",0,53,114,2,1
"MOORE","ABSENTEE",10,4370,6797,100,26
"MECKLENBURG","126",1,304,1796,18,7
"ALAMANCE","TRANSFER",0,0,0,0,0
"WAKE","OSBR 41-80",1,132,749,5,0
"MECKLENBURG","214",4,545,1663,12,7
"FORSYTH","605",2,836,1865,22,12
"ROBESON","08",0,956,272,5,0
"MECKLENBURG","209",7,1609,1442,53,6
"STANLY","0011",3,835,255,9,3
"DURHAM","OS ML",8,580,8032,54,26
"WAKE","05-03",0,266,179,6,1
"CUMBERLAND","CC03",3,305,611,19,6
"HOKE","61",1,396,644,7,0
"FORSYTH","701",3,462,744,12,3
"STANLY","0026",2,1099,245,7,1
"MITCHELL","02",0,217,31,1,0
"DAVIE","06",1,957,229,10,2
"GASTON","20",2,2150,586,16,3
"ONSLOW","SF18",9,3054,955,67,1
"WAKE","04-05",0,185,143,13,2
"CRAVEN","20",4,1656,931,18,2
"BUNCOMBE","11.1",1,49,383,2,4
"BLADEN","P35",0,52,47,2,0
"BUNCOMBE","10.1",0,42,319,3,2
"PASQUOTANK","EAST",0,134,112,8,1
"ONSLOW","HM05",5,2048,1398,56,9
"CUMBERLAND","G2C-2",3,916,1093,21,8
"HENDERSON","BC",3,421,218,8,0
"UNION","019",5,3340,1895,61,11
"WILSON","PRWQ",0,13,409,2,0
"RANDOLPH","NM",2,2966,427,20,6
"WARREN","009",1,183,230,2,1
"CUMBERLAND","G3C",1,592,407,12,0
"UNION","015",6,2078,1669,34,9
"UNION","029A",7,1973,1972,36,12
"CALDWELL","PR31",0,106,60,0,0
"ROBESON","10",1,402,285,5,0
"BUNCOMBE","26.1",0,105,419,5,2
"MECKLENBURG","076",1,875,973,39,2
"SWAIN","BC2",6,1069,588,13,1
"WILKES","117",2,396,50,7,1
"FORSYTH","207",3,288,1426,12,7
"CHATHAM","24",1,591,61,2,0
"CUMBERLAND","G4A",3,457,619,12,6
"HARNETT","PROVISIONAL",0,114,93,3,0
"DUPLIN","CHAR",0,78,122,0,0
"CAMDEN","ONE STOP",3,2870,1057,42,7
"ONSLOW","NM13",1,762,113,5,2
"BUNCOMBE","27.2",0,57,241,4,1
"ORANGE","EA1",1,35,95,3,1
"WILKES","102",1,372,71,5,0
"BUNCOMBE","FVCC",12,4047,3313,54,18
"PITT","OS STUDENT CENTER",11,3287,5003,122,35
"SURRY","15",0,239,63,5,1
"LINCOLN","LN11",0,155,64,3,0
"GUILFORD","FEN1",0,96,168,0,2
"HAYWOOD","P",3,1454,392,9,3
"HENDERSON","FR",5,1285,847,15,4
"DAVIDSON","82",3,1682,304,20,6
"WAKE","OSCS 121-128",0,0,0,0,0
"WAYNE","28",1,269,168,10,1
"LENOIR","PH2",0,748,143,5,1
"RICHMOND","ELLERBE",0,887,481,3,3
"BURKE","0029-B",1,672,175,3,2
"HARNETT","PR28",2,880,153,25,0
"JOHNSTON","PR24",0,144,157,4,1
"MECKLENBURG","235",2,930,1133,20,8
"WAKE","04-18",1,204,147,13,3
"WATAUGA","OS WW",6,1938,831,10,2
"CURRITUCK","CI",0,100,16,0,0
"NEW HANOVER","H06",3,427,436,19,4
"CHEROKEE","TOPT",0,279,48,1,1
"GATES","4N",2,691,355,9,2
"CABARRUS","12-12",0,247,126,6,0
"HARNETT","PR25",0,290,241,3,2
"WILKES","119",1,554,86,4,1
"ANSON","LILE",1,659,972,5,3
"LENOIR","K6",3,176,1188,3,2
"HALIFAX","RRCE",0,288,107,1,2
"CRAVEN","03",2,2043,928,26,4
"SURRY","PROVISIONAL",0,104,15,2,0
"WAKE","OSLH 1-40",11,5629,9843,139,28
"FORSYTH","709",5,898,1611,26,4
"CABARRUS","12-13",0,155,366,9,1
"FORSYTH","402",2,25,799,1,2
"RANDOLPH","AS",5,2247,820,25,7
"BUNCOMBE","58.1",1,192,427,6,2
"GUILFORD","G34",0,127,77,8,1
"HALIFAX","ABSENTEE",5,531,1560,2,3
"NEW HANOVER","ONE STOP CFN",13,4771,3133,106,16
"CALDWELL","PR22",1,361,65,3,0
"SURRY","31",3,274,102,9,0
"CUMBERLAND","CC519",9,215,1542,18,8
"PITT","1504B",0,149,278,12,0
"WAKE","15-02",2,486,200,15,1
"MECKLENBURG","226",1,1103,1250,29,3
"WILKES","115A",1,592,79,5,1
"DURHAM","OS ENO",5,1297,6867,56,21
"WILSON","PRSA",0,383,385,5,1
"CLAY","HAY1",1,693,238,5,2
"GASTON","03",4,455,817,3,1
"POLK","WO06",1,294,50,5,1
"CHOWAN","4",0,354,325,3,2
"ORANGE","H",0,24,57,3,0
"DARE","STPT",0,67,9,1,1
"CUMBERLAND","CL57-1",6,612,1670,32,7
"ROCKINGHAM","HO",3,1181,428,13,4
"MARTIN","J",0,359,98,3,0
"ONSLOW","NE22A",3,1277,1230,69,8
"DUPLIN","OS WALLACE",3,3067,2273,19,6
"FORSYTH","122",10,1879,3140,43,14
"MONTGOMERY","STA",1,974,258,7,1
"CUMBERLAND","G2E-1",3,331,1175,12,3
"ROBESON","34",1,752,190,1,1
"GUILFORD","G37",0,108,267,11,2
"WAKE","OSWN 41-80",2,887,2509,36,12
"UNION","004",3,154,684,6,4
"DAVIDSON","54",0,1232,77,4,5
"MOORE","ONE STOP VTH",6,4268,1424,49,7
"DAVIDSON","72",3,1701,310,15,2
"GUILFORD","JAM5",0,211,45,0,0
"UNION","009",5,395,638,10,1
"MECKLENBURG","ABSENTEE BY MAIL",187,29329,103048,1305,381
"PITT","0200A",2,255,116,9,3
"WAKE","07-11",1,130,65,3,0
"JACKSON","GLV",9,864,394,7,5
"BUNCOMBE","15.1",0,103,570,3,3
"EDGECOMBE","DET OF SOCIAL SERVICES",8,1148,6035,10,8
"WAKE","15-03",2,730,200,18,3
"FORSYTH","603",4,312,1260,9,10
"WAKE","04-20",0,225,192,14,2
"CHEROKEE","MARB",5,845,166,6,5
"WAYNE","18",1,37,102,1,0
"HOKE","05",2,624,525,8,1
"MITCHELL","05",1,514,93,3,0
"WAKE","PROVI 1-40",3,538,783,29,10
"CARTERET","WIHA",0,1092,387,9,0
"JACKSON","CUL",7,1632,2509,77,32
"NEW HANOVER","FP04",1,682,736,24,7
"CRAVEN","23",3,2678,1601,44,5
"CAMDEN","SH",0,334,53,5,0
"WAKE","05-08",0,170,193,3,0
"WAKE","17-04",0,266,271,11,3
"YADKIN","SLIB",1,474,54,4,1
"HERTFORD","SJ",0,92,72,2,1
"WAKE","07-07A",0,102,140,0,1
"JOHNSTON","PR30",3,412,193,8,0
"WATAUGA","13",0,127,103,10,2
"PITT","OS EPPES",11,514,5780,26,11
"AVERY","PROVISIONAL",0,66,6,1,0
"DURHAM","OS ERL",11,3368,6677,110,26
"PITT","OS WILLIS BUILDING",13,4438,3901,66,19
"CHATHAM","15",4,715,1275,9,5
"MECKLENBURG","208",2,2200,1137,25,7
"BERTIE","C1",0,114,51,0,0
"WAKE","01-07",0,119,159,11,1
"DAVIDSON","20",7,1656,205,24,1
"HAYWOOD","LJ",2,684,473,16,2
"WAKE","OSAV 81-120",2,362,668,10,1
"UNION","016",3,2746,1671,55,10
"MECKLENBURG","127",4,1796,1499,24,1
"CRAVEN","CFB8",3,759,386,11,4
"JOHNSTON","BENSON",4,5626,1139,38,2
"BLADEN","P40",0,229,63,0,0
"BERTIE","PROVISIONAL",0,9,28,0,0
"CRAVEN","CLR4",4,908,828,29,1
"WAKE","01-03",0,190,112,8,2
"DAVIDSON","OS MIDWAY FIRE DEPT",0,0,0,0,0
"BRUNSWICK","10A",8,2362,1229,23,3
"HAYWOOD","BC",0,12,10,0,0
"ALAMANCE","09N",4,1060,841,18,3
"MECKLENBURG","125",1,226,605,5,0
"JOHNSTON","PR19",2,396,74,3,0
"GASTON","10",2,976,1003,22,7
"BUNCOMBE","04.1",1,78,413,4,3
"DARE","KTHK",0,440,116,4,3
"SAMPSON","CLEA",2,854,1249,6,2
"UNION","033",4,1303,666,29,6
"MECKLENBURG","102",3,865,1968,35,8
"WARREN","001",2,509,361,5,3
"JOHNSTON","PR37",0,556,161,14,1
"BURKE","0036",3,1100,352,13,1
"MARTIN","GN",0,190,131,1,1
"PITT","0701",0,320,77,6,2
"UNION","032",2,1965,841,21,2
"ONSLOW","HR17",3,1516,667,42,6
"CATAWBA","31",5,3015,968,38,2
"JOHNSTON","PR28",1,338,107,10,1
"WAKE","OSLL 121-128",0,6,2,0,0
"WAKE","OSWO 41-80",6,1838,1524,35,10
"SAMPSON","GARL",1,416,477,2,2
"BURKE","0003",1,684,195,4,0
"RANDOLPH","TR",6,5453,1140,43,13
"NEW HANOVER","W24",2,173,468,12,7
"HALIFAX","WEL 3",1,92,121,0,1
"BUNCOMBE","BTFD",10,2708,2861,46,10
"NASH","P15A",2,278,108,4,0
"GUILFORD","RC2",2,376,179,6,2
"GUILFORD","SUM1",0,87,151,6,1
"ROCKINGHAM","EC",5,1892,1210,27,4
"NASH","P01A",0,315,125,5,2
"WAYNE","08",0,415,55,9,0
"MECKLENBURG","081",5,487,2131,25,8
"BURKE","0038",1,1037,612,12,3
"CABARRUS","05-00",0,326,77,4,2
"HALIFAX","HPR",0,139,96,1,1
"GUILFORD","H10",0,34,166,2,1
"ROWAN","32",2,949,344,8,1
"FORSYTH","808",3,800,1833,25,7
"EDGECOMBE","1401",0,196,25,0,0
"GUILFORD","H11",1,84,154,6,0
"WILKES","MCGEE OS",10,5899,1262,38,5
"GUILFORD","G19",1,144,106,3,0
"RUTHERFORD","13",8,1701,1218,17,4
"ALAMANCE","11",6,1330,1339,17,7
"ROWAN","09",1,1396,250,9,1
"AVERY","04",0,31,4,0,0
"WATAUGA","06",0,52,108,7,1
"WILKES","ABSENTEE",10,2301,2018,31,14
"MECKLENBURG","136",1,880,638,9,1
"WAKE","OSAV 1-40",12,4486,6974,114,22
"GUILFORD","G07",0,84,202,1,0
"JONES","P05",0,91,84,3,0
"DAVIDSON","60",1,1776,830,28,10
"ALLEGHANY","ONE STOP",5,3299,941,18,6
"JOHNSTON","PR22",0,553,145,12,1
"WAKE","OSWN 121-128",1,3,4,1,0
"LEE","D2",2,258,97,9,1
"MECKLENBURG","109",1,424,1303,21,4
"HAYWOOD","PC",1,666,155,6,3
"DUPLIN","GLIS",1,237,28,0,0
"CLEVELAND","RIPPY",5,1921,851,20,2
"FRANKLIN","18",7,1519,993,45,2
"BUNCOMBE","WGSC",5,272,4013,13,18
"STANLY","0019",3,1134,183,8,2
"JONES","ONE STOP",3,1914,1442,15,3
"HALIFAX","LIT",2,316,233,0,1
"CABARRUS","04-13",2,455,199,12,2
"YADKIN","SBCK",2,313,45,5,0
"UNION","028B",3,1907,1633,30,8
"CATAWBA","07",5,1376,824,18,10
"WAKE","04-06",3,189,164,8,2
"MOORE","BEN",2,381,82,0,1
"PITT","1301",0,226,47,3,0
"WATAUGA","OS FSCO",1,834,663,8,2
"BEAUFORT","AURORA OS",0,395,426,4,0
"BUNCOMBE","07.1",0,77,505,10,1
"BERTIE","WD",0,14,74,1,1
"DURHAM","10",1,25,163,4,1
"NORTHAMPTON","GALATI",0,86,32,0,0
"RICHMOND","03",0,120,39,1,0
"WAKE","18-02",3,424,145,22,3
"ROWAN","22",2,634,87,5,0
"BUNCOMBE","31.1",0,298,370,5,0
"BUNCOMBE","13.1",0,96,559,7,5
"JOHNSTON","PROVISIONAL",1,167,90,7,1
"NEW HANOVER","ONE STOP ARB",10,4038,3820,96,13
"MECKLENBURG","041",0,178,1319,8,13
"CLEVELAND","WACO",2,1724,778,12,5
"WAKE","08-05",1,226,119,5,1
"ROCKINGHAM","MS",3,2696,3015,36,5
"NASH","RMT 301 OS",8,3480,5854,38,11
"UNION","011",4,2035,274,8,3
"MOORE","EWD",1,237,87,5,0
"NORTHAMPTON","CREEKS",0,93,40,1,0
"SAMPSON","CLCE",1,92,567,2,1
"HALIFAX","OS SCOTLAND NECK",3,471,1320,6,0
"GUILFORD","H02",2,87,84,2,0
"ROWAN","41",5,873,1120,14,3
"MECKLENBURG","147",3,437,1683,23,11
"GUILFORD","G43",2,121,218,4,3
"WAKE","19-11",1,289,155,11,2
"BEAUFORT","RVRD",1,276,91,1,2
"JOHNSTON","PR23B",0,385,133,9,1
"CAMDEN","PROVISIONAL",0,15,3,0,0
"WAKE","OSAB 121-128",0,4,0,0,0
"FORSYTH","902",1,257,1274,14,4
"ROBESON","16",2,51,580,3,3
"PASQUOTANK","ONE STOP",23,6681,6951,70,19
"BRUNSWICK","04B2",2,3154,2630,61,7
"CLEVELAND","GROVER",1,1869,589,12,4
"GASTON","17",4,1834,1404,27,12
"BERTIE","OS LOB",2,1668,2394,13,2
"MADISON","EBBS C",0,552,296,6,2
"YADKIN","PROVISIONAL",0,37,0,0,1
"GASTON","23",5,1728,1191,30,5
"MECKLENBURG","241",3,2510,2743,44,16
"DURHAM","34-2",1,67,291,7,0
"LEE","A1",1,237,228,5,1
"DURHAM","31",0,198,233,13,1
"DAVIDSON","80A",10,3079,492,32,4
"MECKLENBURG","116",1,211,748,3,3
"WAKE","08-04",0,243,95,10,1
"HALIFAX","RR 10",1,203,93,4,0
"FORSYTH","606",0,405,868,10,9
"VANCE","NH1",4,98,1066,5,0
"ROBESON","32A",5,1747,1439,9,7
"HERTFORD","TRANSFER",0,0,0,0,0
"LINCOLN","IS23",1,330,64,8,0
"LINCOLN","PROVISIONAL",0,76,15,1,0
"TRANSYLVANIA","B4",5,474,752,11,3
"DURHAM","35.3",3,178,199,12,3
"DARE","SOSH",1,359,102,14,3
"DAVIDSON","28",3,1315,423,19,2
"FORSYTH","132",8,1839,1719,46,4
"FRANKLIN","12",0,660,427,6,1
"RICHMOND","02",4,374,145,6,0
"UNION","023",4,1197,520,20,4
"GUILFORD","H28",0,151,116,14,0
"GUILFORD","G75",0,16,165,0,2
"WAYNE","16",0,206,111,3,0
"GASTON","37",2,875,314,3,5
"HAYWOOD","BE-7",1,698,165,3,3
"GUILFORD","G47",2,76,241,5,6
"MECKLENBURG","005",2,153,719,7,2
"CATAWBA","09",3,1694,313,6,5
"WAKE","OSWA 1-40",10,5051,4132,90,16
"DURHAM","36",0,48,194,7,2
"ROWAN","26",0,1320,229,21,3
"GUILFORD","JAM3",1,146,74,2,1
"NEW HANOVER","M07",0,289,340,8,4
"WILSON","PRWM",2,1550,1749,38,7
"HARNETT","PR07",2,668,353,41,5
"WAKE","02-03",2,236,79,8,1
"MECKLENBURG","020",2,524,854,15,1
"BUNCOMBE","59.1",3,382,719,12,5
"ROWAN","14A",3,2553,825,27,6
"UNION","014",3,730,368,15,2
"WAKE","TRANS 1-40",0,0,0,0,0
"DURHAM","34-1",1,47,134,4,1
"DAVIDSON","26",2,613,206,8,2
"BURKE","0051",5,1733,814,14,1
"CLEVELAND","LAWNDL",1,790,563,5,2
"PITT","0901",0,174,78,2,0
"AVERY","16",0,211,61,0,0
"GUILFORD","G73",0,16,165,2,1
"WAKE","09-03",0,188,102,7,3
"FORSYTH","201",7,442,2563,19,6
"GUILFORD","RC1",1,186,95,4,1
"ROWAN","17",2,1238,599,14,3
"WAKE","01-04",1,131,109,3,3
"WASHINGTON","P3",0,159,103,1,0
"MECKLENBURG","069",2,1396,1139,24,2
"CRAVEN","02",11,3877,2385,135,9
"DURHAM","23",0,85,331,6,3
"BUNCOMBE","UNCA",1,427,4375,37,17
"WAKE","01-26",0,30,197,3,2
"ANSON","WS",1,147,95,0,0
"CABARRUS","12-05",0,239,106,7,1
"CLAY","SWEE",0,425,139,2,0
"ASHE","ABSENTEE",0,0,0,0,0
"MOORE","WND",0,251,86,3,1
"DUPLIN","ROCK",0,79,39,0,0
"CRAVEN","DFB9",2,378,291,3,0
"BURKE","0012",3,1347,146,3,1
"FORSYTH","133",6,2847,2258,43,8
"HALIFAX","RR7-9",1,176,243,5,1
"DAVIDSON","OS ARCADIA COMM BLDG",0,0,0,0,0
"BUNCOMBE","02.1",0,59,834,14,5
"ROBESON","37",1,373,60,4,0
"LENOIR","PH1",0,409,102,4,1
"MECKLENBURG","080",3,486,1631,18,11
"WAKE","07-02",0,121,97,3,0
"BUNCOMBE","23.3",0,79,233,2,3
"MECKLENBURG","224",5,808,1172,21,8
"HARNETT","PR31",0,164,112,4,0
"MOORE","ONE STOP RS",16,5663,4273,75,8
"GRANVILLE","OKHL",3,542,402,4,0
"WAKE","OSRB 1-40",7,644,8575,40,16
"COLUMBUS","P19",2,867,836,10,1
"ALEXANDER","M",1,1041,272,15,0
"BRUNSWICK","07",3,1578,1145,21,3
"MONTGOMERY","MTG",2,452,804,11,2
"WAKE","TRANS 81-120",0,0,0,0,0
"HOKE","12",2,1597,1091,43,5
"GUILFORD","MON1",0,147,246,5,0
"BERTIE","W2",0,226,10,0,0
"CUMBERLAND","EO61-1",8,1543,837,14,5
"BLADEN","P70",1,81,47,0,0
"FORSYTH","043",5,1141,1001,20,9
"HAYWOOD","FC-2",0,88,21,1,0
"CUMBERLAND","G3A-2",1,795,1007,18,9
"WAKE","09-02",3,209,243,5,3
"CRAVEN","21",4,1773,740,17,4
"HENDERSON","AR",1,601,305,10,4
"CABARRUS","12-14",3,309,178,8,1
"HARNETT","PR16",1,489,263,15,5
"WARREN","008",1,113,770,5,4
"MECKLENBURG","070",1,679,717,12,0
"CATAWBA","15",1,33,391,4,1
"MECKLENBURG","055",2,47,896,5,3
"WAKE","19-07",2,303,209,17,1
"ALAMANCE","103",4,1542,910,19,1
"BUNCOMBE","01.1",1,76,560,7,5
"BUNCOMBE","29.2",4,289,906,11,7
"WATAUGA","OS ADMIN",12,2409,2732,64,17
"MARTIN","BG",0,471,76,3,2
"MECKLENBURG","016",4,64,1795,6,2
"UNION","036",4,1218,429,11,2
"CATAWBA","35",5,1394,745,19,6
"PASQUOTANK","SAL",1,207,33,3,0
"MECKLENBURG","054",4,191,1639,8,8
"NEW HANOVER","W25",3,154,827,15,9
"WAYNE","09",1,253,56,9,0
"WAKE","04-02",0,197,172,5,2
"GUILFORD","G31",0,123,100,6,0
"ONSLOW","FS16",3,2567,803,66,11
"IREDELL","NH",1,899,135,7,1
"ALAMANCE","13",2,1248,1412,23,9
"GUILFORD","G45",1,23,118,2,0
"HENDERSON","LP",1,584,513,16,3
"WAKE","06-04",0,250,165,14,3
"LINCOLN","ABSENTEE MAIL",18,2788,3435,52,20
"GUILFORD","G30",0,144,73,2,1
"CAMDEN","ABSENTEE",0,254,272,9,0
"NEW HANOVER","W16",3,335,524,13,2
"FORSYTH","706",4,372,627,8,3
"RANDOLPH","AW",6,2614,1532,34,11
"WILSON","PRWN",1,128,1524,7,0
"WAKE","18-03",0,235,141,8,1
"WAKE","19-20",1,275,124,4,1
"MECKLENBURG","094",2,413,826,15,3
"GUILFORD","MON2A",3,134,202,1,2
"JACKSON","SAV",3,592,310,6,9
"WATAUGA","07",0,195,142,14,6
"UNION","027",4,1253,299,10,3
"RUTHERFORD","11",13,3307,747,27,4
"DUPLIN","MAGN",0,127,126,1,1
"WAKE","OSCM 1-40",20,1582,6874,75,24
"WILSON","PRBL",1,1554,518,6,0
"HERTFORD","WN",0,54,74,0,0
"GUILFORD","G67",0,11,69,0,0
"HARNETT","OS WESTERN",18,8435,5496,204,29
"MCDOWELL","MAR 5",0,564,231,7,1
"HENDERSON","BK",0,576,410,14,5
"FORSYTH","604",2,235,1006,12,2
"NORTHAMPTON","GAPL",1,55,234,1,0
"WAKE","19-03",1,344,178,18,2
"UNION","040",2,1935,1333,36,6
"MECKLENBURG","034",3,478,1229,22,6
"ALEXANDER","W",2,1172,237,12,0
"STOKES","14",0,326,34,2,0
"MECKLENBURG","012",2,184,1218,16,5
"CALDWELL","TRANSFER",0,0,0,0,0
"CURRITUCK","PB",3,798,193,11,5
"MECKLENBURG","024",5,262,1444,23,16
"WARREN","005",5,201,658,5,2
"GUILFORD","H18",0,40,142,2,0
"ASHE","PROVISIONAL",0,0,0,0,0
"CABARRUS","02-02",0,356,201,10,2
"STOKES","ONE STOP WALNUT COVE",4,3376,1054,19,0
"PENDER","SC13",5,2133,1014,32,5
"DURHAM","37",2,227,151,4,2
"TYRRELL","16",0,10,0,0,0
"PERSON","CUCL",3,988,496,9,1
"WARREN","006",3,277,615,5,4
"MADISON","NORTH",1,1112,679,16,7
"BLADEN","P502",1,78,61,1,0
"RICHMOND","01",0,217,270,2,0
"YANCEY","02 CAN",5,824,343,13,4
"CALDWELL","PR07",1,355,44,2,1
"CUMBERLAND","G8C",3,678,971,18,9
"BUNCOMBE","25.1",1,187,541,12,4
"CHATHAM","78",5,1562,3046,36,5
"TYRRELL","1",0,10,74,2,0
"HENDERSON","PROVISIONAL",1,47,9,2,0
"HALIFAX","RR3-4",1,259,66,3,0
"GUILFORD","G32",0,168,94,4,1
"ORANGE","OS BOE",12,4320,7272,71,16
"WASHINGTON","ABSENTEE",1,212,457,2,0
"ORANGE","CA",1,196,70,3,3
"COLUMBUS","P18",1,257,142,0,1
"WILSON","PRST",2,499,500,4,1
"WAKE","01-27",3,106,233,5,5
"CURRITUCK","ABSENTEE",2,669,795,22,3
"RANDOLPH","ST",2,1309,307,9,2
"GASTON","22",9,2320,965,27,5
"WILKES","114",1,228,23,4,0
"STOKES","10",0,308,55,9,1
"BLADEN","P60",0,84,63,0,0
"ROWAN","16",2,822,623,13,3
"FRANKLIN","10",2,568,235,3,2
"WAKE","04-09",0,205,102,3,2
"ROWAN","23",0,1089,153,8,3
"NEW HANOVER","W26",0,205,474,15,7
"GUILFORD","G40A2",3,99,132,0,1
"WAKE","OSRB 41-80",3,426,4447,31,15
"CALDWELL","OS RESOURCE CENTER",19,12834,4270,92,24
"HERTFORD","A3",0,16,135,2,0
"WAYNE","OS MOT",5,2927,1779,17,6
"CLEVELAND","KM S",1,2148,1218,25,8
"VANCE","SH1",3,249,904,5,4
"GUILFORD","G23",0,90,87,4,2
"CARTERET","ASCI",0,493,127,1,0
"GUILFORD","H08",0,13,126,2,0
"STOKES","ABSENTEE",9,1366,1215,24,7
"GREENE","ARBA",0,346,386,3,1
"CABARRUS","12-03",0,196,100,5,2
"RANDOLPH","SW",2,1933,225,13,4
"NEW HANOVER","W08",1,155,318,6,0
"NASH","P10A",1,119,149,3,0
"DUPLIN","OS WARSAW",1,964,1298,7,5
"GATES","5",0,542,267,4,0
"HERTFORD","PROVISIONAL",0,7,6,0,1
"ROCKINGHAM","MC",3,1877,1655,28,15
"FRANKLIN","16",2,640,858,12,1
"GUILFORD","NWASH",1,210,20,2,0
"EDGECOMBE","1101",0,204,40,1,1
"WAKE","10-03",1,312,203,5,2
"MECKLENBURG","137",4,2136,1716,32,10
"GUILFORD","FR1",0,216,229,11,2
"YANCEY","05 GRE",0,253,108,1,0
"GUILFORD","H15",0,134,111,7,1
"POLK","TRANSFER",0,0,0,0,0
"CUMBERLAND","G5B-1",3,296,1854,21,4
"HYDE","OCK",0,91,94,5,1
"GUILFORD","H04",0,109,201,2,1
"WAKE","01-41",1,115,197,12,3
"PITT","0601",2,497,90,12,4
"SWAIN","ALMOND",3,686,333,15,4
"FORSYTH","015",1,1421,1063,29,5
"STOKES","13",0,289,43,3,2
"BUNCOMBE","17.1",2,90,448,7,1
"DAVIDSON","OS DENTON LIBRARY",0,0,0,0,0
"ROWAN","30",3,1126,679,12,2
"GUILFORD","SUM4",0,429,47,4,0
"CLEVELAND","FALSTN",0,1043,189,4,0
"GASTON","24",4,1418,956,24,6
"WAKE","OSZB 81-120",2,257,152,3,1
"SURRY","18",0,219,46,3,0
"BRUNSWICK","04A",16,5099,4318,69,6
"WAYNE","14",1,310,72,1,1
"WAKE","06-08",0,136,131,9,0
"MADISON","LAUREL",0,481,203,11,3
"CABARRUS","04-12",1,342,302,9,3
"FORSYTH","063",2,2079,1131,30,4
"POLK","TR123",0,253,127,8,2
"NASH","P04A",0,210,75,4,2
"WAKE","20-01",0,228,184,12,2
"PENDER","PL10",0,300,91,3,2
"ONSLOW","SW19",5,2917,1125,45,5
"AVERY","06",1,254,30,1,0
"MECKLENBURG","026",3,255,1843,17,10
"JOHNSTON","PR09",0,367,158,14,2
"RICHMOND","HAMLET",2,1923,1522,15,4
"BUNCOMBE","AVML",15,2472,6270,87,26
"DUPLIN","ABSENTEE",3,655,1185,7,6
"SURRY","27",0,280,32,2,1
"PITT","1508B",0,169,171,12,2
"CUMBERLAND","CC08",0,650,446,9,2
"CALDWELL","PR34",0,441,98,4,0
"ROWAN","21",6,1468,653,10,1
"UNION","020B",8,2525,1472,38,9
"MOORE","PHA2",1,189,32,0,0
"MECKLENBURG","106",2,487,590,17,3
"ALAMANCE","035",6,1775,1516,20,9
"FORSYTH","503",2,168,794,5,6
"NASH","ABSENTEE",9,1752,3788,39,24
"MECKLENBURG","093",0,731,472,6,3
"SAMPSON","GIDD",1,471,438,3,0
"WAKE","OSGR 81-120",1,453,714,7,3
"WATAUGA","08",2,194,54,5,1
"CLEVELAND","CASAR",2,1032,101,8,3
"HALIFAX","OS LITTLETON",3,5289,4624,26,14
"MECKLENBURG","203",7,842,3493,40,13
"UNION","003",1,382,492,4,1
"WATAUGA","OS ASU",4,1233,5212,92,28
"HENDERSON","NM",1,1402,570,15,3
"MECKLENBURG","015",3,577,1944,37,5
"GUILFORD","G16",0,110,88,5,1
"FORSYTH","101",4,739,958,12,9
"DURHAM","54",0,100,301,13,7
"WAKE","05-01",3,274,211,11,4
"GUILFORD","NCGR1",2,316,100,8,1
"HALIFAX","WEL1-2",0,52,139,0,0
"PASQUOTANK","NIX",3,370,80,7,1
"WAKE","OSAV 121-128",0,4,2,0,0
"GUILFORD","G26",0,108,177,4,1
"MOORE","PHC",0,414,109,8,1
"PERQUIMANS","NEW HO",6,1306,504,8,5
"ALAMANCE","064",6,2078,1483,33,3
"HENDERSON","OS FLETCHER",0,0,0,0,0
"ALAMANCE","03W",1,1473,947,27,8
"STOKES","09",2,466,92,5,0
"ROWAN","34",2,791,1073,15,7
"BRUNSWICK","13",2,1794,880,28,7
"BUNCOMBE","30.2",1,311,510,16,2
"FORSYTH","607",6,651,1235,19,2
"ORANGE","OS UM",7,1422,6935,80,17
"YANCEY","06 JAC",0,813,366,15,1
"PITT","1512A",0,218,300,9,1
"MECKLENBURG","046",3,369,1297,25,10
"NEW HANOVER","H08",2,863,977,24,5
"JONES","P07",1,194,209,2,0
"CHOWAN","6",0,714,483,5,0
"DAVIDSON","36",2,307,369,7,1
"WILSON","PRTO",4,1576,1255,13,4
"ORANGE","TRANSFER",0,0,0,0,0
"WILKES","101",2,243,28,3,0
"SURRY","ELK OS",4,2340,771,14,3
"FORSYTH","092",0,1078,369,14,3
"LINCOLN","LI14",1,155,43,3,0
"FORSYTH","405",2,31,1092,2,0
"WAKE","01-51",0,113,83,1,1
"GREENE","SHIN",0,770,460,5,1
"UNION","006",1,1125,343,6,2
"MECKLENBURG","113",3,1122,952,26,3
"MECKLENBURG","228",1,761,1827,29,14
"DUPLIN","FAIS",0,198,91,3,0
"ROWAN","07",1,1034,471,13,6
"ROWAN","38",1,654,1197,13,6
"WILKES","OFFICE OS",15,9924,2809,62,9
"LINCOLN","BS26",0,267,60,4,0
"PITT","1403B",3,178,127,8,2
"WAKE","OSHS 81-120",0,17,11,0,0
"STANLY","0023",2,2033,320,19,0
"NASH","P02A",1,358,130,8,0
"GUILFORD","ABSENTEE",77,12471,36466,391,143
"MECKLENBURG","210",6,454,3518,26,12
"MECKLENBURG","019",0,523,567,14,1
"ANSON","PEAC",0,766,183,1,1
"FORSYTH","206",2,126,1054,8,1
"IREDELL","CC3",12,4712,2924,70,18
"WILKES","125",1,251,25,3,0
"JACKSON","CAN",1,288,88,3,2
"MECKLENBURG","201",6,1448,3154,31,15
"PITT","OS AG CENTER",10,3107,4232,38,7
"CUMBERLAND","CC31",3,573,745,11,4
"COLUMBUS","P08",0,292,20,2,0
"WAYNE","12",1,113,149,3,1
"SAMPSON","NGRV",1,768,348,11,0
"SURRY","24",0,182,28,4,0
"JOHNSTON","PR08",2,555,48,4,1
"DAVIE","11",2,1041,214,9,0
"HYDE","SQ",0,102,27,3,0
"YANCEY","07 BRU",0,224,97,1,3
"GASTON","39",5,2491,379,23,2
"CUMBERLAND","G5A-2",4,677,1103,16,3
"GASTON","31",1,2032,606,21,2
"BEAUFORT","TCRK",1,347,78,2,0
"GUILFORD","G01",0,19,106,1,0
"HENDERSON","HV-1",6,701,606,15,8
"STOKES","0506",0,525,91,5,1
"STANLY","0017",2,1283,296,7,0
"GUILFORD","JAM4",0,162,60,1,1
"WAKE","08-06",0,74,126,4,4
"ORANGE","WDS",0,5,94,0,0
"WAKE","04-15",3,210,192,18,1
"WAKE","19-14",1,249,165,5,0
"GUILFORD","G02",1,76,131,1,1
"GREENE","SUGG",0,444,326,3,0
"DAVIDSON","06",3,1792,231,13,7
"FORSYTH","909",2,478,678,13,1
"CURRITUCK","CJ",1,121,34,6,0
"JONES","P04",0,251,77,6,0
"GUILFORD","JAM1",1,102,62,2,1
"WASHINGTON","ONE STOP",3,1887,2384,6,1
"GUILFORD","G48",1,92,249,8,1
"WAYNE","07",0,344,106,12,0
"WAKE","20-06B",0,321,215,21,1
"MACON","04",0,221,51,4,2
"WAKE","12-05",0,444,209,24,5
"BUNCOMBE","65.1",2,229,479,7,2
"HOKE","64",3,654,811,14,4
"GUILFORD","G41A",0,73,76,5,1
"HALIFAX","PROVISIONAL",1,61,87,0,1
"WAKE","OSGR 1-40",10,1309,3887,39,9
"DAVIDSON","78",7,1954,320,14,3
"BUNCOMBE","ABSENTEE",0,0,0,0,0
"HOKE","02",4,594,625,11,2
"MECKLENBURG","036",6,705,773,17,2
"UNION","034",3,2191,740,16,4
"WAKE","OSWN 81-120",9,1251,1903,26,8
"MACON","11",0,347,74,2,0
"VANCE","HTOP",0,155,348,4,0
"FRANKLIN","13",4,1085,531,8,4
"GUILFORD","GR",1,598,101,11,2
"CHATHAM","20",2,969,634,17,2
"EDGECOMBE","1301",0,192,42,1,0
"CARTERET","DASW",0,425,91,4,1
"GREENE","SH#1",2,586,696,6,3
"MECKLENBURG","145",9,2043,3986,56,12
"CARTERET","HAIS",1,649,151,5,0
"WAKE","07-05",1,127,109,8,2
"IREDELL","SH-B",5,1979,464,18,1
"MARTIN","R2",0,103,57,2,1
"MECKLENBURG","062",3,252,917,5,3
"CATAWBA","02",1,1485,325,7,2
"BURKE","0040",2,889,432,12,2
"PERSON","SWST",5,1089,518,5,3
"BUNCOMBE","53.1",2,344,299,7,6
"MECKLENBURG","115",4,306,727,10,4
"ROBESON","11",2,2083,967,7,3
"MECKLENBURG","220",6,1370,732,10,6
"MECKLENBURG","240",4,2409,1629,29,9
"HAYWOOD","WE",2,602,381,5,1
"WAKE","OSAB 1-40",24,9058,9740,182,27
"CARTERET","MERR",0,285,132,0,0
"UNION","028C",3,1770,1457,28,4
"MCDOWELL","MAR 1",0,1522,650,15,3
"MARTIN","R1",0,73,62,1,0
"BERTIE","SN",1,24,61,0,0
"BURKE","0029-A",1,725,131,1,3
"MONTGOMERY","OPH",0,242,20,0,0
"MCDOWELL","M.COVE",1,1032,260,5,0
"PITT","1504A",0,40,158,2,1
"RICHMOND","07",0,131,80,0,0
"DURHAM","28",2,406,101,8,0
"GUILFORD","SF2",1,229,77,0,0
"DURHAM","ABSENTEE",53,5420,41458,381,146
"UNION","010",3,280,576,11,3
"DAVIDSON","34",2,571,469,14,2
"DAVIE","14",1,1275,378,7,2
"WARREN","007",2,194,385,6,2
"RANDOLPH","UG",4,4591,1101,43,9
"UNION","029B",4,825,554,17,0
"WASHINGTON","SC",0,220,137,3,0
"BURKE","0052",0,703,277,6,2
"GRANVILLE","CORI",1,1030,803,13,2
"HAYWOOD","JC",4,1460,639,17,4
"BUNCOMBE","70.1",2,269,687,11,2
"ALAMANCE","128",4,366,903,11,6
"NEW HANOVER","FP06",2,529,598,16,5
"WAKE","13-05",1,98,159,3,2
"LEE","OS HALES",13,4013,4453,56,20
"MECKLENBURG","022",5,1838,3288,90,12
"CUMBERLAND","G1A",1,515,1005,11,4
"WAKE","20-05",4,311,142,14,1
"HAYWOOD","WS-2",1,678,390,11,5
"BEAUFORT","BLCK",1,135,68,0,0
"RANDOLPH","TB",2,1997,239,4,1
"PERSON","FLRI",7,3081,1257,44,8
"NASH","NASHVILLE OS",13,10968,7217,76,14
"GUILFORD","H27-A",1,79,78,1,0
"PENDER","SP15",5,2216,1043,43,7
"HENDERSON","FL",2,1718,1106,41,11
"WAKE","07-01",3,143,154,5,0
"RICHMOND","13",1,143,67,2,0
"PITT","1513B",1,164,106,5,2
"GASTON","11",1,507,673,3,2
"DAVIDSON","PROVISIONAL",1,125,54,0,0
"STOKES","20",0,434,74,3,1
"WAKE","OSWO 81-120",0,27,18,0,0
"LENOIR","MH",5,1415,1358,16,0
"ORANGE","CX",1,277,159,11,4
"ROWAN","01",2,1259,210,12,1
"CABARRUS","01-08",0,333,198,21,2
"WAKE","08-07",0,338,197,18,2
"PITT","1102A",1,212,81,10,0
"SURRY","TRANSFER",0,0,0,0,0
"HARNETT","PR01",1,631,319,30,2
"DUPLIN","ALBE",1,370,85,7,1
"COLUMBUS","P15",1,953,654,8,1
"CUMBERLAND","CC18",0,750,463,9,0
"HAYWOOD","PROVISIONAL",0,0,0,0,0
"SAMPSON","HERR",0,565,70,1,0
"LINCOLN","LINCOLN OS",6,6086,1803,45,7
"WAKE","OSCM 41-80",1,364,1173,16,0
"PERSON","ROX4",1,640,704,7,3
"POLK","PROVISIONAL",0,20,7,1,0
"MECKLENBURG","077",7,171,1263,10,4
"AVERY","18",0,108,9,0,1
"HOKE","13",0,612,339,6,2
"ANSON","MM",3,202,654,1,1
"CLEVELAND","LATT",2,1680,445,11,3
"BLADEN","P15",1,322,84,6,0
"GUILFORD","G27",2,183,111,11,2
"SCOTLAND","PROVISIONAL",0,53,25,2,1
"CASWELL","PH",1,947,503,9,3
"CATAWBA","26",1,842,695,13,4
"BURKE","0013",0,1826,362,13,3
"NASH","P05A",1,545,48,9,1
"NEW HANOVER","H11",0,752,904,20,10
"GUILFORD","CG3A",1,114,72,3,1
"WAKE","OSHS 1-40",17,6607,6730,167,19
"HAYWOOD","CL-N",7,1015,458,12,2
"MECKLENBURG","141",1,289,1447,34,12
"DUPLIN","PROVISIONAL",0,42,34,0,0
"WAKE","17-01",0,105,170,5,2
"SURRY","32",1,258,50,4,1
"GUILFORD","G52",1,34,203,3,1
"STOKES","11",1,407,72,4,0
"MECKLENBURG","082",3,134,1726,13,9
"GREENE","CAST",0,476,204,1,0
"STOKES","1618",1,208,89,3,2
"WAKE","17-13",2,235,223,11,3
"ASHE","10",1,147,39,2,1
"STANLY","0028",1,715,391,8,3
"ASHE","04",1,238,154,0,2
"FORSYTH","203",1,44,1082,8,4
"NASH","TRANSFER",0,0,0,0,0
"WAKE","01-28",3,133,425,11,2
"JOHNSTON","SMITHFIELD",10,7711,4067,72,13
"WAKE","19-19",4,411,174,12,7
"CRAVEN","07",0,1144,729,17,3
"ROBESON","11A",5,717,322,3,1
"GUILFORD","H06",0,157,178,7,5
"SURRY","19",0,235,71,5,0
"NEW HANOVER","M02",1,755,1001,27,8
"ASHE","18",0,94,30,3,0
"HOKE","03",0,249,351,2,4
"JOHNSTON","PR36",0,609,129,6,0
"SAMPSON","ROSE",2,817,262,4,0
"HARNETT","PR08",2,465,239,10,7
"BUNCOMBE","03.1",0,48,654,5,2
"RICHMOND","06",0,181,43,3,0
"UNION","037A",4,2497,1950,61,5
"FORSYTH","042",3,1245,1568,20,10
"TRANSYLVANIA","B3",2,696,883,15,7
"DAVIDSON","16",7,1801,289,24,5
"ORANGE","NC",1,29,34,1,0
"AVERY","17",1,171,18,3,0
"BUNCOMBE","HACC",1,266,2468,23,12
"MARTIN","CR",1,194,62,2,0
"HAYWOOD","IH",6,1778,809,27,11
"WAKE","20-10",2,250,166,6,0
"CASWELL","STON",2,1215,527,6,4
"MACON","09",0,151,40,6,0
"HERTFORD","CM",0,123,36,0,0
"DURHAM","OS GETG",4,206,2660,11,6
"BUNCOMBE","46.1",2,163,256,4,0
"FORSYTH","806",3,735,863,18,8
"WAKE","18-07",4,330,132,16,0
"MECKLENBURG","135",5,555,4099,30,12
"ROWAN","13",2,1514,252,20,2
"WAYNE","26",1,148,128,4,0
"BUNCOMBE","14.2",1,99,503,3,5
"BURKE","0039",1,652,595,16,2
"DAVIDSON","88",4,1203,360,12,5
"BLADEN","P45",0,101,45,1,0
"BUNCOMBE","42.1",0,277,356,12,1
"ROBESON","13",2,615,569,1,4
"MCDOWELL","FORT 2",2,1034,419,17,1
"TRANSYLVANIA","WC",4,744,614,20,2
"MECKLENBURG","003",0,132,1034,10,5
"MECKLENBURG","212",8,1150,5657,56,20
"WAKE","01-15",2,193,123,8,1
"ORANGE","CG",0,186,67,5,1
"WILKES","129",1,231,59,2,0
"BUNCOMBE","30.3",2,393,539,8,3
"NEW HANOVER","H04",2,443,708,14,2
"GUILFORD","G50",0,133,348,3,3
"LEE","C2",1,269,98,7,2
"MECKLENBURG","151",1,722,2556,30,3
"NEW HANOVER","ONE STOP CBC",8,5089,2893,59,7
"WATAUGA","OS DG",3,2581,1248,26,4
"CRAVEN","N4",7,1411,1946,44,7
"HENDERSON","SW",3,1030,559,15,8
"GRANVILLE","SASS",1,906,569,4,2
"WAKE","15-01",2,350,134,10,1
"STOKES","ONE STOP DANBURY",2,1832,578,13,1
"NASH","MT. PLEASANT OS",4,3192,1639,28,2
"PITT","1505B",0,44,207,2,1
"RANDOLPH","BC",6,2138,360,19,4
"BEAUFORT","HB",1,272,11,0,0
"WAKE","OSOP 81-120",1,296,479,5,1
"WAKE","01-43",0,166,206,7,1
"FORSYTH","067",0,806,670,11,4
"WAYNE","02",0,378,83,3,0
"FORSYTH","205",1,31,543,4,1
"TRANSYLVANIA","LR",0,910,442,9,2
"BURKE","0048",3,991,632,10,2
"ROBESON","19",3,784,1178,5,1
"MADISON","REVERE",0,118,104,2,0
"AVERY","08",0,105,19,0,0
"MARTIN","GR",2,404,62,0,0
"WATAUGA","OS BR",1,1272,1106,22,1
"GATES","4S",4,351,386,6,0
"BURKE","0014",1,1326,221,7,4
"JOHNSTON","PR29B",4,538,269,14,1
"STANLY","0018",2,704,201,10,0
"BUNCOMBE","09.1",1,274,834,20,5
"BRUNSWICK","23",2,1732,909,17,2
"CALDWELL","PR24",0,158,35,3,1
"HENDERSON","CB",0,621,213,10,1
"FORSYTH","906",9,942,1707,25,7
"CARTERET","EMIS",3,2147,1038,17,4
"RICHMOND","16",0,96,10,0,0
"HERTFORD","MURFREE CNTR",1,705,1725,9,1
"GREENE","HOOK",0,339,272,1,0
"DAVIE","02",1,634,156,8,1
"CUMBERLAND","G7A",1,729,267,6,1
"JOHNSTON","PR21",0,529,75,6,0
"EDGECOMBE","0801",2,202,52,0,1
"WAKE","04-19",0,137,86,8,1
"CUMBERLAND","G3B",5,389,447,3,1
"CABARRUS","04-01",1,162,176,5,1
"GUILFORD","G29",1,62,100,1,0
"MOORE","CAR",1,357,109,11,2
"CHATHAM","75",4,1852,2335,17,3
"BUNCOMBE","39.3",0,256,351,9,4
"WILSON","PRWE",0,286,701,4,3
"RUTHERFORD","05A",1,1566,431,12,3
"PITT","0301",1,198,241,10,0
"DAVIDSON","ABSENTEE",28,5951,6173,106,24
"DAVIDSON","OS TLIB",0,0,0,0,0
"WAKE","02-05",0,207,96,4,1
"ALEXANDER","B2",6,2189,592,16,4
"HENDERSON","NB",4,1936,607,27,4
"NORTHAMPTON","TRANSFER",0,0,0,0,0
"WAKE","OSNR 41-80",0,52,63,3,1
"CUMBERLAND","CC01",2,208,1329,8,4
"HENDERSON","LJ",6,781,428,17,2
"FORSYTH","907",8,505,1018,24,6
"ROBESON","07",0,258,253,1,1
"GASTON","12",2,1452,750,14,4
"WAKE","05-06",1,291,164,4,3
"BEAUFORT","NCRK",0,363,38,2,0
"DAVIDSON","40",2,624,500,11,5
"CUMBERLAND","CC17",0,221,1420,8,7
"HALIFAX","OS RINGWOOD",3,287,2059,4,1
"MECKLENBURG","032",0,654,548,12,0
"DAVIE","12",3,2103,631,27,5
"ALAMANCE","063",3,571,1198,8,6
"ASHE","11",3,1122,404,8,3
"LEE","TRANSFER",0,0,0,0,0
"CUMBERLAND","G6B",1,707,204,5,1
"IREDELL","SH-A",3,1922,511,5,0
"WATAUGA","PROVISIONAL",2,57,45,2,3
"FORSYTH","708",3,1388,2039,26,10
"WAKE","17-02",0,139,79,5,0
"CRAVEN","19",4,1186,1040,28,6
"AVERY","07",0,93,3,0,0
"YADKIN","SFAL",1,433,38,2,0
"VANCE","EH1",1,78,1171,3,1
"IREDELL","CH-A",4,1251,679,14,2
"GUILFORD","SCLAY",0,351,42,10,0
"ROBESON","26A",6,742,1397,9,3
"BEAUFORT","BEADM",0,298,26,2,0
"MECKLENBURG","129",2,228,532,4,5
"EDGECOMBE","PINES CHAP FELLSHIP HALL",1,1604,1179,13,1
"WAKE","20-14",1,299,178,12,2
"BUNCOMBE","48.1",2,432,516,9,1
"BUNCOMBE","54.2",4,384,649,13,6
"MCDOWELL","MAR 3",0,493,176,7,2
"GUILFORD","G22",3,213,76,4,0
"AVERY","19",0,122,5,0,0
"ORANGE","CH",0,25,70,2,0
"WAKE","14-02",4,829,235,14,1
"YADKIN","NFAL",0,301,37,2,2
"GUILFORD","G06",2,18,143,2,1
"JACKSON","SDC",14,2213,2125,48,15
"COLUMBUS","P20A",2,214,332,4,2
"PITT","1507B",0,86,54,5,0
"WARREN","011",2,83,155,3,1
"MOORE","WEM",3,572,66,1,1
"GASTON","19",5,2400,1065,20,10
"COLUMBUS","P14",7,1475,1165,8,2
"BERTIE","MH",0,79,45,0,0
"VANCE","NV",2,334,705,3,3
"GUILFORD","NCLAY2",1,195,31,1,1
"PENDER","MT19",5,1928,1002,23,6
"MECKLENBURG","059",1,333,454,7,2
"GUILFORD","G69",1,31,228,5,3
"GUILFORD","G44",0,51,128,5,3
"FORSYTH","501",2,148,1398,4,5
"ORANGE","KM",1,38,49,3,0
"WAKE","06-09",1,388,182,14,1
"RANDOLPH","TT",1,2814,427,16,4
"MOORE","PBF",1,257,125,6,1
"ROCKINGHAM","SE",3,1870,1174,16,5
"MACON","TRANSFER",0,16,0,0,0
"MARTIN","PROVISIONAL",1,24,19,1,0
"ROWAN","12",0,710,654,17,3
"STANLY","0003",7,966,758,16,2
"ANSON","WADES",10,1570,2643,16,7
"CUMBERLAND","G8A",3,1012,1706,44,6
"NEW HANOVER","H05",4,539,669,14,2
"MITCHELL","09",1,796,286,2,1
"PERQUIMANS","PARKVI",3,860,537,9,2
"FORSYTH","507",3,1475,2418,49,20
"ASHE","15",3,563,126,3,0
"CLAY","SHCR",0,788,180,8,3
"MECKLENBURG","097",0,152,761,9,7
"LINCOLN","BC13",0,151,96,5,1
"DAVIDSON","08",4,523,153,6,5
"LINCOLN","CF19",0,118,38,3,0
"CUMBERLAND","CC24",1,344,642,14,1
"VANCE","SH2",0,163,289,0,0
"WATAUGA","TRANSFER",0,4,9,1,0
"DURHAM","OS TRC",10,1152,4776,54,12
"WAKE","07-10",1,263,264,17,2
"UNION","013",0,2005,320,12,3
"CABARRUS","04-11",1,236,165,9,3
"MECKLENBURG","073",2,505,622,7,6
"MECKLENBURG","227",4,2165,2039,35,12
"WAKE","OSOP 121-128",0,3,0,0,0
"DAVIE","13",4,1596,585,17,4
"MECKLENBURG","011",7,1674,3627,73,17
"DAVIDSON","TRANSFER",4,1727,679,5,2
"PITT","0501",0,275,59,2,0
"GREENE","WALS",0,421,378,2,2
"ROBESON","14",1,354,316,5,0
"WAYNE","OS LIB",7,2709,4120,25,8
"WAKE","17-10",2,108,102,5,0
"SCOTLAND","01-16",1,103,225,1,1
"EDGECOMBE","1201",1,23,319,1,1
"JOHNSTON","PR13",2,366,68,9,1
"SWAIN","WHCH",10,812,1145,24,9
"JOHNSTON","PR12B",2,334,137,12,0
"DURHAM","TRANSFER",0,0,0,0,0
"DURHAM","06",0,24,97,2,0
"CABARRUS","09-00",1,523,67,2,0
"ORANGE","OS SEYMOUR",6,1404,6004,36,15
"MCDOWELL","FORT 1",2,719,278,9,1
"DUPLIN","BEUL",0,467,95,2,0
"ORANGE","OW",0,39,120,7,0
"AVERY","ABSENTEE",0,445,475,6,3
"DAVIDSON","84",3,2851,825,30,5
"LENOIR","SW",1,638,167,7,0
"PITT","1511A",1,288,140,6,1
"HENDERSON","EF",2,1170,469,16,6
"ALAMANCE","12W",3,692,897,14,5
"WAKE","OSAP 121-128",0,0,0,0,0
"STOKES","04",1,281,51,3,2
"GUILFORD","G39",0,59,61,2,2
"ASHE","ONE STOP",0,0,0,0,0
"MOORE","EAB",0,223,116,8,1
"FORSYTH","305",2,45,1000,5,6
"FORSYTH","802",0,563,808,10,3
"CATAWBA","11",0,371,370,4,4
"WAKE","OSNR 1-40",23,7057,6062,94,21
"LINCOLN","IS20",0,383,45,6,3
"BUNCOMBE","19.1",0,143,369,3,4
"CURRITUCK","WH",0,269,154,5,2
"CLEVELAND","POLKVL",1,1576,330,3,3
"DAVIDSON","56",3,873,93,4,2
"MECKLENBURG","229",6,2874,4020,71,12
"CARTERET","ISPK",3,925,517,9,2
"FORSYTH","083",2,621,1084,12,3
"CRAVEN","05",5,1258,736,19,5
"GRAHAM","TAPO",2,294,39,3,0
"BURKE","0001",2,1672,658,14,4
"WAKE","01-30",1,136,110,5,0
"DUPLIN","WALL",0,174,129,3,1
"MECKLENBURG","040",3,197,1362,7,10
"ONSLOW","BC21",5,2606,862,86,5
"ASHE","20",4,1692,644,20,7
"EDGECOMBE","1001",1,137,107,4,1
"WASHINGTON","PROVISIONAL",0,2,5,0,0
"ALAMANCE","12E",5,355,657,9,4
"ROCKINGHAM","RC",5,2831,1007,31,3
"GUILFORD","G15",2,86,95,4,1
"JOHNSTON","PR31B",0,389,146,10,0
"ONSLOW","JA01",1,1553,1015,114,10
"GUILFORD","G55",2,49,165,1,0
"BERTIE","WH",1,148,48,1,0
"WAKE","01-19",0,20,209,2,4
"MADISON","SPRING",0,349,253,4,2
"ALAMANCE","09S",8,2176,1452,29,5
"MONTGOMERY","UWH",1,922,229,7,4
"CABARRUS","02-06",2,232,215,10,2
"MECKLENBURG","110",1,429,484,8,1
"WAKE","11-01",2,226,252,20,4
"BRUNSWICK","05",7,2189,1034,40,6
"RICHMOND","TRANSFER",0,0,0,0,0
"MADISON","SOUTH",4,433,353,8,3
"ROBESON","18A",4,636,535,7,1
"MOORE","ONE STOP AG",11,8223,2817,72,13
"WAKE","15-04",3,262,115,8,3
"PERSON","HLWY",1,638,242,2,1
"MOORE","CAM",1,242,77,2,0
"WAKE","13-06",2,178,104,6,1
"BEAUFORT","OLDF",0,166,66,4,1
"BUNCOMBE","18.2",3,469,1343,15,9
"WAKE","01-20",0,48,155,2,0
"COLUMBUS","P24",0,1333,150,1,1
"SAMPSON","WBRK",1,902,271,9,3
"MECKLENBURG","122",12,1234,2237,51,16
"NORTHAMPTON","PROVISIONAL",0,8,11,0,0
"CRAVEN","16",3,2087,991,53,3
"YADKIN","ONE STOP",14,9332,1947,63,10
"GUILFORD","G70",1,13,238,0,1
"CABARRUS","06-00",0,589,55,2,0
"CABARRUS","01-10",0,294,123,5,2
"MOORE","SLS",2,407,83,7,0
"CABARRUS","12-09",0,308,117,7,1
"IREDELL","CC4",14,3481,1984,75,8
"LEE","A2",2,184,320,9,1
"ANSON","POLK",0,382,263,3,1
"GASTON","44",6,2890,1058,29,2
"VANCE","NH",5,1091,1438,10,2
"BUNCOMBE","16.2",1,112,612,6,3
"PERSON","ALVI",2,973,726,7,1
"ALAMANCE","129",2,904,520,18,0
"ROWAN","19A",1,2535,824,32,4
"WAKE","08-02",1,206,143,14,1
"BURKE","0031",3,521,923,16,5
"BRUNSWICK","15",4,3882,1877,30,6
"WAKE","OSBR 81-120",1,250,535,7,1
"JACKSON","CAS",2,974,566,16,5
"PERQUIMANS","BELVID",2,403,144,3,0
"ORANGE","TO",1,255,104,3,0
"ROCKINGHAM","ED-1",3,1907,982,24,7
"NEW HANOVER","M04",6,680,1104,26,4
"HAYWOOD","WO",0,166,58,2,0
"CUMBERLAND","G5A-1",8,446,1420,8,13
"WAKE","PROVI 81-120",0,34,41,2,0
"NASH","P11A",1,365,62,5,0
"WASHINGTON","P1",2,49,66,1,0
"JOHNSTON","PR31A",2,222,72,5,1
"BURKE","0047-B",1,676,350,3,2
"WAKE","04-12",0,151,102,8,2
"HERTFORD","A2",0,90,84,0,0
"WAKE","OSHS 121-128",0,0,0,0,0
"HARNETT","OS ANGIER",8,4229,1942,48,10
"WILSON","PRWH",2,21,492,3,2
"BUNCOMBE","43.2",1,147,236,10,3
"EDGECOMBE","0102",0,160,168,4,1
"WARREN","002",1,424,287,3,0
"ALAMANCE","06E",3,827,920,20,5
"COLUMBUS","P26B",3,1306,927,2,4
"LEE","E2",5,214,124,3,0
"RICHMOND","CO OP",5,3021,2014,21,7
"DAVIDSON","44",4,2102,592,18,7
"NORTHAMPTON","WOPO",0,143,70,3,1
"PITT","1501",2,3,76,0,1
"YADKIN","DCRK",2,360,65,7,3
"MOORE","SSP",0,159,251,5,1
"FORSYTH","801",1,379,740,10,3
"DURHAM","46",1,77,226,1,2
"PITT","1510A",1,230,102,3,0
"WARREN","013",2,203,244,2,1
"VANCE","CC",4,1136,899,11,0
"HAYWOOD","BE-2",1,602,257,9,5
"BUNCOMBE","64.1",2,252,245,10,5
"GUILFORD","G14",1,74,91,6,2
"LINCOLN","DV08",2,421,41,4,0
"CATAWBA","03",4,1427,423,7,3
"DAVIDSON","76",4,1844,269,18,4
"MECKLENBURG","065",0,408,542,10,6
"BRUNSWICK","09",1,600,363,5,1
"GUILFORD","SF1",0,355,92,3,1
"CATAWBA","19",1,563,306,7,2
"PERSON","MTTZ",3,1411,637,12,2
"ROWAN","10",1,1807,529,22,4
"GUILFORD","G12",1,52,93,3,1
"MACON","15",0,322,69,3,1
"TRANSYLVANIA","B2",3,505,718,7,4
"CUMBERLAND","G10A",8,1918,1942,42,11
"WAKE","OSWO 1-40",22,9695,6456,202,24
"EDGECOMBE","0201",0,149,112,3,0
"DURHAM","52",1,49,222,1,0
"CATAWBA","41",1,2158,678,19,3
"IREDELL","ST2",2,1189,1138,27,2
"HAYWOOD","WC",0,234,175,9,1
"PENDER","CF11",6,1830,739,38,5
"RUTHERFORD","04A",0,1374,384,10,7
"WARREN","004",3,244,362,6,3
"WATAUGA","16",0,24,5,0,0
"JOHNSTON","PR34",2,326,235,11,2
"GUILFORD","H01",0,101,225,2,0
"WAKE","OSAP 81-120",0,51,80,0,0
"BURKE","0024",2,1399,567,20,3
"MADISON","WALNUT",0,627,402,5,3
"CUMBERLAND","MR02",3,687,1359,26,11
"DAVIE","ABSENTEE",4,1385,1681,35,8
"CHEROKEE","PCHT",7,1305,361,10,3
"MACON","12",0,217,58,6,1
"UNION","038A",2,1703,1320,25,13
"GUILFORD","H20B",0,93,44,4,1
"SURRY","13",1,128,43,2,0
"YADKIN","TRANSFER",0,0,0,0,0
"BERTIE","W1",0,107,187,0,0
"ASHE","16",1,1210,465,17,2
"HYDE","ABSENTEE",1,69,146,1,0
"WAYNE","1920",1,34,256,2,0
"IREDELL","CC1",8,3283,2042,64,8
"SCOTLAND","TRANSFER",0,0,0,0,0
"BLADEN","BAY TREE FIRE DEPT",2,742,168,1,2
"STANLY","0025",0,2191,367,27,3
"ALAMANCE","08S",1,826,357,14,4
"HALIFAX","FAUCT",1,176,55,0,2
"RICHMOND","10",0,100,154,2,1
"CATAWBA","38",3,1522,869,21,7
"WAKE","13-01",2,151,299,12,3
"CUMBERLAND","CL57-2",4,467,1829,24,4
"AVERY","02",2,389,116,7,2
"COLUMBUS","P02B",2,326,404,2,1
"FRANKLIN","17",3,2010,951,23,10
"MECKLENBURG","108",3,190,1083,10,4
"ROBESON","03",2,971,346,6,0
"CARTERET","OTBEG",2,1177,340,11,3
"NORTHAMPTON","LAKE G",1,153,97,2,0
"ROWAN","40",4,837,1018,20,7
"GUILFORD","H26",1,123,69,3,0
"DURHAM","32",0,143,60,8,0
"YADKIN","ABSENTEE",7,1154,994,12,4
"LEE","D1",2,273,95,12,1
"WAYNE","05",2,249,79,11,1
"HENDERSON","GR",0,1442,345,12,0
"MECKLENBURG","131",0,618,515,14,3
"JOHNSTON","PR20",0,681,210,4,4
"UNION","017A",4,1671,909,24,6
"RUTHERFORD","03A",3,1401,244,12,2
"HERTFORD","HV",0,112,82,1,0
"ROWAN","02",0,565,444,10,3
"CUMBERLAND","G6A",5,2627,1009,25,7
"CHEROKEE","RGER",4,991,307,6,5
"VANCE","WH",3,1232,1624,15,4
"GUILFORD","G03",2,18,197,2,2
"ALAMANCE","01",5,2299,566,27,6
"WAKE","20-12",0,328,214,14,1
"BLADEN","EAST ARCADIA",1,93,631,2,2
"WAKE","20-15",3,236,255,13,1
"WAYNE","OS PHL",6,4703,1095,26,10
"ROBESON","39",2,714,369,2,1
"TRANSYLVANIA","BD",3,1358,715,19,7
"MACON","ABSENTEE",6,1480,2086,23,7
"MCDOWELL","WEST M",2,2023,635,17,7
"HENDERSON","EV",5,1320,471,22,2
"GRANVILLE","ANTI",2,343,595,2,0
"WAKE","19-17",0,277,286,15,2
"CATAWBA","21",3,1175,290,13,2
"CUMBERLAND","CC21",2,705,1628,34,5
"DURHAM","41",0,12,151,1,0
"WAKE","OSCA 41-80",3,1210,2466,37,9
"CUMBERLAND","G2A",5,978,2341,24,13
"NEW HANOVER","FP03",1,320,325,8,0
"UNION","022",3,1701,486,27,6
"CATAWBA","25",5,925,572,15,3
"TRANSYLVANIA","EF",2,449,365,5,2
"LEE","B2",1,133,93,8,2
"CABARRUS","11-01",2,382,334,14,5
"STANLY","0010",1,653,316,8,0
"NORTHAMPTON","OS GASTON",2,821,1725,2,2
"MECKLENBURG","130",0,341,742,15,6
"NEW HANOVER","M03",2,552,687,16,6
"MECKLENBURG","105",2,444,2157,27,9
"DAVIE","PROVISIONAL",0,49,17,0,0
"CUMBERLAND","MB62",4,409,1539,22,4
"BURKE","0047-A",1,852,722,8,7
"ALAMANCE","03N2",3,259,403,0,0
"WAKE","04-07",0,302,127,4,0
"CALDWELL","PR33",2,482,90,12,1
"EDGECOMBE","0701",0,89,183,2,0
"WATAUGA","11",5,344,77,4,2
"DURHAM","50",0,131,190,12,1
"ALAMANCE","02",4,2387,559,15,4
"BRUNSWICK","06",0,800,406,14,3
"CARTERET","CCCP",1,2061,609,26,3
"RICHMOND","05",0,73,21,0,0
"WAKE","OSLL 41-80",5,3136,4251,77,12
"DURHAM","20",0,20,81,2,1
"IREDELL","OL",1,877,204,6,1
"ROBESON","24",0,510,240,0,0
"CABARRUS","11-02",2,353,109,8,1
"CHEROKEE","ANSW",2,858,250,7,1
"CUMBERLAND","G8D",5,1105,1010,28,7
"POLK","SA04",1,299,89,9,0
"ALLEGHANY","04",0,232,33,1,1
"WAKE","OSKD 81-120",0,572,333,7,0
"STOKES","PROVISIONAL",0,81,8,0,0
"UNION","042",4,1138,592,15,9
"DURHAM","05",0,36,174,3,1
"ORANGE","TH",0,21,68,0,0
"CABARRUS","OS CAE",22,15569,7214,161,26
"WARREN","010",3,296,992,8,2
"LENOIR","I",1,908,409,11,2
"GUILFORD","G17",0,106,79,4,0
"WAKE","OSWA 81-120",1,513,367,8,2
"BUNCOMBE","PROVISIONAL",0,0,0,0,0
"RANDOLPH","DR",1,2808,616,28,5
"CHATHAM","ESC114",6,1415,1622,14,3
"MONTGOMERY","CAN",2,588,429,2,0
"WAKE","OSCA 1-40",17,8342,14959,239,47
"DURHAM","08",0,34,165,6,0
"ONSLOW","CR07",5,2327,1009,79,7
"WAKE","OSZB 41-80",0,78,83,1,0
"ROBESON","23",3,1560,691,8,3
"GUILFORD","G53",1,42,268,0,3
"MCDOWELL","HIGGIN",1,968,204,12,2
"SCOTLAND","ONE STOP ANNEX CONF RM",8,5375,5059,29,19
"DAVIDSON","46",2,1519,319,10,4
"JOHNSTON","PR29A",1,413,173,14,1
"BURKE","0066",1,1128,401,10,2
"DAVIDSON","48",4,1506,226,10,2
"HENDERSON","HS",2,1029,485,14,3
"ROBESON","05A",1,944,1303,6,3
"DAVIDSON","50",7,2218,280,15,5
"ALAMANCE","06W",1,371,406,7,2
"GUILFORD","H25",1,241,105,9,0
"WAKE","01-09",0,95,154,5,1
"EDGECOMBE","ABSENTEE",3,549,1810,10,4
"HARNETT","OS LOBBY",16,6235,3721,71,6
"COLUMBUS","P21",2,603,270,11,0
"IREDELL","CC2",6,2952,2001,53,16
"ROWAN","08",5,1801,825,19,7
"BLADEN","TRANSFER",0,0,0,0,0
"WAKE","13-02",1,147,88,10,0
"CHOWAN","3",0,1067,217,8,1
"BLADEN","BOOK T. WASHINGTON",0,320,420,4,0
"GASTON","46",6,2842,1149,41,9
"DURHAM","09",0,48,123,3,1
"CALDWELL","PR30",0,189,113,4,1
"BLADEN","BLAD COUNTY GYM",3,2634,2792,20,4
"BUNCOMBE","TRANSFER",0,0,0,0,0
"BLADEN","P202",1,183,68,4,0
"PITT","TRANSFER",1,16,24,2,0
"GASTON","32",2,1254,582,20,3
"PENDER","CS04",0,475,325,3,2
"UNION","028A",6,2628,2055,44,10
"GUILFORD","G11",0,77,126,4,0
"CASWELL","LOCU",0,716,841,6,2
"MECKLENBURG","233",2,1412,1087,25,2
"MECKLENBURG","014",5,353,1775,33,7
"DARE","WAN",1,344,32,3,0
"WAYNE","15",1,376,105,2,1
"COLUMBUS","P07",0,1137,1040,7,2
"CUMBERLAND","G6C",1,939,531,14,2
"CLEVELAND","BR",8,2666,987,22,5
"GUILFORD","NMAD",1,202,126,9,1
"MECKLENBURG","200",1,748,766,12,4
"ORANGE","PROVISIONAL",0,30,30,1,0
"IREDELL","CD",8,2963,874,25,5
"MECKLENBURG","038",5,404,803,25,3
"WAKE","01-22",2,46,372,5,3
"FORSYTH","112",3,1724,816,12,8
"WAKE","04-10",2,214,145,6,0
"ORANGE","LC",0,26,82,4,0
"DUPLIN","LOCK",0,52,10,0,0
"CLEVELAND","S C",13,2325,2658,46,7
"WAKE","OSAP 41-80",1,782,1117,12,3
"ROBESON","15",1,131,460,5,2
"BURKE","0064",1,462,153,3,1
"WAKE","OSAP 1-40",22,12010,13974,257,43
"IREDELL","UG",1,983,187,10,1
"MITCHELL","08",0,210,30,0,1
"WAKE","06-10",2,326,144,13,2
"CASWELL","LEAS",0,283,240,6,1
"BEAUFORT","PROVISIONAL",0,45,17,0,0
"GUILFORD","H19B",2,125,114,2,0
"COLUMBUS","P13",1,401,73,4,0
"BURKE","0065",0,665,161,8,0
"GASTON","04",3,2211,1497,19,8
"BERTIE","RX",0,58,103,0,0
"MECKLENBURG","103",3,1133,974,15,3
"ORANGE","DA",0,77,113,1,0
"WAKE","04-13",0,255,171,17,1
"RUTHERFORD","34",4,926,223,5,3
"NEW HANOVER","W27",0,162,683,9,5
"HARNETT","PR23",0,473,162,10,3
"BLADEN","P201",1,140,20,1,1
"IREDELL","SB",0,1308,229,9,0
"GUILFORD","OR2",0,222,60,6,1
"IREDELL","CS",3,1542,604,15,2
"WAKE","01-13",1,95,148,8,1
"HYDE","ENG",0,179,65,1,2
"GASTON","07",1,65,660,0,1
"STANLY","0016",0,713,280,4,2
"DURHAM","53-1",2,84,110,5,1
"COLUMBUS","P23",1,893,638,8,0
"FORSYTH","055",4,1736,1438,36,7
"PAMLICO","3BY",1,509,553,5,0
"FORSYTH","014",5,1230,668,13,2
"DUPLIN","KENA",0,171,94,4,2
"PAMLICO","1RB",1,867,245,11,2
"JONES","P01",0,162,61,2,0
"WAKE","12-09",2,348,133,14,4
"WAKE","OSKD 1-40",17,4008,7261,94,18
"MECKLENBURG","098",5,215,1126,8,1
"ONSLOW","HN14",2,1381,463,40,2
"BUNCOMBE","24.1",1,201,414,10,3
"WAKE","17-11",1,217,268,7,4
"NEW HANOVER","CF06",1,304,355,13,2
"TYRRELL","ONE STOP",1,676,460,4,1
"MECKLENBURG","087",4,767,949,23,6
"ORANGE","OG",0,310,160,6,1
"BRUNSWICK","19",2,2981,1447,18,6
"MACON","14",1,178,34,2,0
"BLADEN","P501",0,110,125,2,0
"MECKLENBURG","030",2,440,1806,27,3
"BUNCOMBE","67.1",1,155,505,2,6
"PITT","1505A",1,66,212,3,1
"DARE","COL",1,349,112,14,2
"RANDOLPH","SE",1,1400,214,10,2
"WARREN","014",3,240,695,7,2
"MECKLENBURG","211",3,1274,5219,50,27
"BURKE","0053",1,1260,316,17,0
"JOHNSTON","SELMA",2,3096,2437,32,10
"ORANGE","CB",0,30,71,1,0
"MECKLENBURG","023",2,225,1121,13,6
"NORTHAMPTON","COMIPE",0,250,95,4,0
"CUMBERLAND","CC12",1,938,457,14,2
"DAVIDSON","32",3,322,370,4,2
"WAKE","OSNR 121-128",0,0,0,0,0
"HAYWOOD","BE56",1,771,433,17,6
"ROWAN","05A",3,2438,750,29,10
"SAMPSON","SBRG",2,551,213,2,1
"CABARRUS","01-07",0,232,69,3,1
"MECKLENBURG","031",3,108,1295,6,11
"HERTFORD","M1",0,85,137,0,0
"CRAVEN","11",4,1640,502,23,1
"DURHAM","02",0,40,144,4,0
"BUNCOMBE","61.1",2,277,485,7,8
"DARE","CHCA",0,137,113,9,2
"CURRITUCK","KI",2,536,77,5,0
"DAVIDSON","10",8,1391,306,11,3
"WAKE","14-01",0,269,69,2,0
"ORANGE","RE",0,59,81,3,2
"MECKLENBURG","089",3,1157,2759,29,8
"ONSLOW","NR02",3,223,830,26,1
"NEW HANOVER","ONE STOP MSL",14,6841,3877,104,22
"GASTON","21",2,1086,593,11,0
"WAKE","18-01",0,178,281,24,4
"RUTHERFORD","27",7,1724,908,20,4
"PITT","1503",1,52,198,3,1
"DARE","ONE STOP ONE",5,5073,3464,50,10
"WAKE","04-03",1,131,138,7,2
"GUILFORD","G57",0,40,128,1,1
"PITT","1201",0,325,262,2,0
"NASH","PROVISIONAL",1,141,129,1,1
"BUNCOMBE","60.2",2,124,230,4,5
"WILKES","121",0,266,28,5,0
"CRAVEN","N6",5,1943,1677,37,8
"JONES","P03",0,170,36,0,0
"CABARRUS","OS NTP",24,10675,9106,151,25
"CHOWAN","1",1,509,937,9,3
"CATAWBA","22",4,1937,701,18,7
"WAKE","04-01",1,134,94,8,0
"PASQUOTANK","SOUTH",0,64,130,2,1
"RANDOLPH","AR",5,4910,1413,52,8
"ASHE","08",0,102,50,1,0
"MECKLENBURG","086",2,723,581,11,2
"UNION","030",3,2279,1443,34,5
"WAKE","OSRB 81-120",1,114,931,11,1
"TRANSYLVANIA","DR",2,1017,1044,11,6
"MECKLENBURG","104",3,176,1517,11,14
"JACKSON","WEB",5,808,792,16,6
"TYRRELL","ABSENTEE",0,47,57,0,0
"FRANKLIN","19",14,2965,2186,47,11
"FORSYTH","064",1,615,417,11,1
"BLADEN","TAR HEEL MUNI BLD",3,1236,805,6,0
"CHATHAM","45",0,516,321,11,3
"NASH","P18A",1,95,164,4,0
"BRUNSWICK","02",4,3284,2671,82,7
"WAKE","01-45",1,154,111,12,1
"MECKLENBURG","242",0,1480,640,18,1
"NASH","P23A",1,67,322,0,0
"ALLEGHANY","ABSENTEE",0,358,375,10,5
"PITT","1101",0,229,135,1,0
"ALAMANCE","10N",2,1676,1213,21,7
"DAVIE","01",2,662,159,7,1
"JACKSON","QUA",8,1265,1223,30,10
"NORTHAMPTON","RICH S",0,54,101,1,3
"HENDERSON","GM",4,536,249,9,0
"DURHAM","OS NCCU",4,156,7213,27,23
"WILKES","124",1,499,55,3,1
"WAKE","01-06",1,164,182,1,3
"IREDELL","ST3",2,1190,1365,20,10
"MACON","10",0,98,32,2,0
"NORTHAMPTON","OS JACKSON",1,1094,1412,2,2
"MECKLENBURG","114",1,951,962,18,8
"GUILFORD","G68",0,0,53,1,0
"MECKLENBURG","107.1",5,373,1938,14,5
"DURHAM","14",1,25,182,1,0
"MECKLENBURG","238.1",3,542,1307,13,4
"DURHAM","55-11",1,10,188,1,0
"BEAUFORT","WASH1",0,71,92,4,1
"DURHAM","16",0,47,96,2,2
"WILKES","120",1,331,30,1,0
"JOHNSTON","PR11A",1,251,92,11,0
"NASH","P13A",1,63,151,0,1
"CASWELL","PROVI",0,432,221,4,1
"DUPLIN","HALL",0,161,66,2,1
"PAMLICO","4VM A",0,73,89,0,0
"TRANSYLVANIA","PF",0,617,344,10,3
"CLEVELAND","KINGST",0,264,432,3,3
"CLAY","HIAW",2,828,314,10,3
"SURRY","04",0,180,45,3,0
"IREDELL","ST5",6,1126,1249,19,5
"NEW HANOVER","H13",1,658,863,17,2
"WAKE","01-17",0,115,54,5,0
"WAKE","OSKD 41-80",0,404,525,5,1
"HENDERSON","AT",2,1440,587,24,6
"GATES","3",0,744,728,12,0
"SURRY","12",0,173,75,2,0
"CARTERET","MCRK",0,379,66,5,1
"COLUMBUS","P22A",1,1036,442,5,0
"WAKE","20-06A",0,269,243,11,4
"GUILFORD","G66",0,124,121,7,1
"DUPLIN","CHIN",1,196,35,2,1
"MECKLENBURG","119",1,415,491,6,1
"WILSON","PRSP",0,1099,473,10,0
"WAKE","18-08",2,348,218,19,2
"WAYNE","TRANSFER",0,0,0,0,0
"WAKE","PROVI 121-128",0,2,0,0,0
"ROCKINGHAM","DR",1,962,559,10,5
"MECKLENBURG","148",7,2809,3744,53,13
"CABARRUS","01-02",1,431,114,6,0
"CALDWELL","PR01",0,312,101,1,0
"JOHNSTON","CLEVELAND",14,8432,4880,141,28
"BLADEN","SPAULDING MONROE",0,1946,622,6,4
"FRANKLIN","05",0,1246,656,16,5
"DARE","ONE STOP THREE",4,2889,1968,27,3
"GUILFORD","H03",0,66,153,2,2
"DAVIDSON","18",5,1256,168,8,2
"CHATHAM","9",2,867,332,8,2
"WAKE","17-07",0,71,216,7,0
"DURHAM","26",0,217,75,2,1
"EDGECOMBE","0601",0,83,158,1,0
"DURHAM","OS DTM",0,242,2388,20,6
"FORSYTH","901",4,463,1071,16,4
"HARNETT","PR29",1,307,216,5,2
"BUNCOMBE","68.1",4,425,546,13,6
"CUMBERLAND","EO61-2",2,996,639,17,3
"DURHAM","55-49",0,1,101,0,0
"ROWAN","44",2,1749,292,18,3
"CUMBERLAND","SL78-3",6,813,2412,57,13
"WAKE","OSGR 41-80",12,2147,7294,75,26
"LINCOLN","AS25",1,304,67,7,3
"PITT","1511B",2,183,141,8,3
"WAKE","07-03",1,120,86,6,0
"DURHAM","07",1,29,86,2,2
"CUMBERLAND","CC15",4,1137,893,21,5
"FORSYTH","061",6,993,749,14,4
"WAKE","08-03",1,274,225,9,4
"WAKE","OSTA 121-128",0,0,1,0,0
"MECKLENBURG","123",3,306,1272,12,5
"ALLEGHANY","03A",0,251,56,3,2
"WATAUGA","ABSENTEE",5,1332,3936,45,23
"WAKE","02-04",2,250,82,13,0
"YADKIN","EBND",2,695,85,5,1
"CASWELL","YANC",1,726,822,13,5
"WAKE","OSLL 81-120",4,2027,2320,52,4
"WAKE","12-07",3,286,102,9,1
"SURRY","29",0,219,61,6,0
"BRUNSWICK","14",5,2672,1045,20,8
"PITT","OS WINTERVILLE",15,7277,6456,90,18
"GUILFORD","G46",0,27,385,2,3
"FRANKLIN","07",1,1061,379,12,1
"CATAWBA","29",4,2640,933,23,5
"VANCE","SCRK",3,1367,1570,13,4
"WAYNE","29",2,42,107,3,1
"BURKE","0011",0,1843,362,8,5
"WAKE","16-07",0,292,147,16,3
"CUMBERLAND","CC04",3,358,506,13,2
"WAKE","TRANS 41-80",0,0,0,0,0
"JOHNSTON","PR38",1,493,67,1,0
"MECKLENBURG","049",2,687,1001,24,3
"YANCEY","10 PEN",1,328,122,0,0
"TRANSYLVANIA","TC1",1,590,104,6,1
"HENDERSON","ABSENTEE",28,4730,10473,132,37
"BEAUFORT","CHOCO OS",7,2777,1193,13,2
"HENDERSON","PV",5,829,437,8,7
"FORSYTH","401",1,121,1134,7,6
"FORSYTH","066",2,1319,633,13,3
"IREDELL","FT",9,4538,1793,49,8
"HENDERSON","TRANSFER",0,0,0,0,0
"WAKE","OSBR 1-40",9,923,8050,64,24
"DAVIDSON","64",0,218,533,3,4
"WAKE","OSHS 41-80",0,421,596,20,0
"WAKE","OSGR 121-128",0,0,0,0,0
"MITCHELL","04",9,3656,1047,30,7
"SURRY","28",2,166,31,2,0
"CATAWBA","23",8,2414,998,27,8
"NEW HANOVER","TRANSFER",0,0,0,0,0
"DURHAM","19",0,65,204,5,4
"FRANKLIN","11",4,562,689,7,2
"WAKE","01-32",2,145,172,9,2
"POLK","CG05",0,353,39,2,0
"PAMLICO","2OT",1,879,767,9,1
"WILKES","127",0,162,77,6,0
"BURKE","0021",2,806,308,5,3
"HOKE","62",1,325,390,8,1
"FORSYTH","903",2,551,1432,17,4
"WILSON","PRTA",4,2742,2352,20,8
"MADISON","SANDY",0,247,154,2,0
"BUNCOMBE","37.1",0,281,194,7,2
"DAVIDSON","66",2,570,365,5,2
"CUMBERLAND","CC14",3,1135,907,28,3
"ONSLOW","NE22B",5,2205,1547,98,4
"WAKE","01-48",2,127,156,6,1
"HARNETT","PR26",0,315,109,4,0
"MECKLENBURG","099",0,179,1085,14,4
"WAYNE","OS BCR",8,467,4253,18,10
"BEAUFORT","WASH2",1,39,90,2,3
"DAVIDSON","22",2,515,114,9,1
"HOKE","63",1,644,1527,31,9
"DUPLIN","TRANSFER",0,0,0,0,0
"MITCHELL","06",0,355,71,4,1
"ROBESON","35",3,1206,269,5,1
"MECKLENBURG","066",1,395,570,12,3
"HENDERSON","HV-2",3,579,620,16,7
"WASHINGTON","P2",0,37,90,1,1
"MECKLENBURG","144",3,1126,1197,21,5
"WAKE","11-02",1,182,138,8,1
"MOORE","ONE STOP PCC",10,7127,3186,72,15
"HENDERSON","NE",2,725,446,15,2
"MOORE","PHA1",0,287,69,12,0
"UNION","031",7,1731,1246,26,3
"ORANGE","CF1",0,114,146,6,0
"CALDWELL","PR02",0,224,48,2,0
"DURHAM","15",0,24,150,1,1
"WAKE","OSZB 121-128",0,0,0,0,0
"BEAUFORT","AUROR",0,94,56,1,1
"GUILFORD","G74",0,22,187,1,1
"WAKE","12-08",0,222,213,21,0
"ALEXANDER","T1T4T5",5,2340,670,19,3
"HERTFORD","ML",0,178,22,0,0
"ALEXANDER","B1",3,1870,534,12,2
"MECKLENBURG","142",4,2471,1798,43,9
"ROBESON","25",0,717,339,4,2
"CABARRUS","04-09",0,266,139,10,2
"WILKES","111",0,292,44,3,1
"JOHNSTON","PR32",1,485,133,14,1
"DAVIDSON","38",3,167,455,8,4
"CAMDEN","TRANSFER",0,0,0,0,0
"ROCKINGHAM","IR",2,1612,460,10,0
"SURRY","23",0,218,47,0,1
"SWAIN","ALARKA",0,428,185,4,2
"FORSYTH","111",3,1109,357,13,2
"WAKE","01-46",0,56,232,1,4
"WILKES","113A",0,432,70,4,0
"WAKE","01-33",1,125,80,7,1
"GUILFORD","FR5B",0,91,65,5,0
"EDGECOMBE","0301",0,63,50,1,0
"CURRITUCK","TRANSFER",0,0,0,0,0
"UNION","017B",5,2433,1575,36,7
"CATAWBA","37",3,1074,899,24,10
"EDGECOMBE","0401",0,60,52,0,0
"WAYNE","11",1,47,145,2,0
"MECKLENBURG","056",2,84,843,9,4
"NASH","P06A",2,284,219,5,2
"STANLY","0008",2,150,930,4,3
"FORSYTH","062",0,1033,590,28,2
"BUNCOMBE","49.1",3,722,446,18,5
"ROWAN","27",2,784,244,9,1
"NEW HANOVER","WB",2,421,388,5,2
"GUILFORD","G63",0,94,118,3,1
"BLADEN","P25",0,125,57,2,1
"SURRY","22",0,178,37,2,0
"MOORE","PHB2",0,195,32,3,0
"IREDELL","ST6",6,1362,1479,23,10
"BUNCOMBE","LECC",3,3720,1509,24,8
"FORSYTH","502",1,64,898,1,2
"WAKE","01-50",0,38,282,2,5
"MECKLENBURG","219",6,1084,703,16,3
"WILSON","PRWR",1,109,927,2,4
"WILKES","103",0,208,23,0,1
"ALLEGHANY","PROVISIONAL",0,21,3,1,0
"WAYNE","PROVISIONAL",0,103,72,1,1
"BUNCOMBE","71.1",3,319,850,7,7
"GUILFORD","NCGR2",0,269,68,4,1
"WAKE","OSNR 81-120",0,91,85,1,0
"DURHAM","33",1,212,304,16,3
"NEW HANOVER","W13",0,133,367,11,2
"ALAMANCE","05",3,1706,435,11,3
"EDGECOMBE","1205",1,6,105,2,0
"AVERY","01",0,225,46,3,1
"BUNCOMBE","AVOM",11,3407,3093,60,18
"NEW HANOVER","W18",2,193,222,8,2
"HAYWOOD","CL-S",0,1159,519,23,2
"LENOIR","K9",0,466,1088,6,2
"RICHMOND","09",2,428,196,2,1
"ROBESON","04",1,1112,279,6,7
"WAKE","16-04",1,189,137,5,0
"WAKE","06-06",0,346,198,19,3
"ONSLOW","WN04",6,2351,1314,44,4
"BLADEN","P30",0,47,59,0,1
"MARTIN","W2",0,157,139,2,0
"WARREN","003",3,282,433,5,2
"FORSYTH","091",3,1261,457,22,2
"MECKLENBURG","084",0,222,1034,4,7
"CALDWELL","PR25",0,179,29,3,0
"GUILFORD","JEF3",0,121,208,6,1
"WAKE","13-09",1,167,310,9,6
"TYRRELL","TRANSFER",0,0,0,0,0
"DAVIDSON","52",6,2637,425,29,6
"MOORE","EKWD",0,121,36,0,0
"RUTHERFORD","29",0,1041,427,6,3
"FORSYTH","011",3,2147,1793,51,5
"CURRITUCK","PP",2,499,149,12,0
"PASQUOTANK","NEW",2,347,104,6,2
"CLAY","TUSQ",1,425,131,5,0
"CUMBERLAND","SH77",3,1249,921,15,4
"RUTHERFORD","18",1,1218,462,12,1
"SAMPSON","ROWA",0,711,477,3,0
"GUILFORD","G33",0,127,80,3,0
"FORSYTH","013",6,1856,1404,24,4
"GUILFORD","G61",0,92,213,0,2
"WILSON","PRWK",0,759,519,7,5
"ALEXANDER","E",0,1541,400,16,3
"MECKLENBURG","221",6,2146,988,40,7
"CUMBERLAND","G1B",8,1886,1279,30,5
"AVERY","03",0,178,20,0,0
"CRAVEN","TE13",1,814,151,13,0
"LINCOLN","SL24",1,180,35,5,0
"BEAUFORT","WDPD",1,275,31,2,1
"LINCOLN","TA37",0,217,46,4,0
"POLK","ABSENTEE",7,827,1707,12,7
"ASHE","14",4,1302,582,16,1
"WAKE","OSAB 81-120",2,549,582,12,2
"MECKLENBURG","230",2,1734,4288,54,15
"MECKLENBURG","043",4,223,1545,19,8
"WAKE","OSCA 81-120",1,292,533,16,3
"ROWAN","29",1,779,209,5,1
"MOORE","RBN",0,247,57,2,0
"VANCE","MIDD",4,931,1201,10,2
"HAYWOOD","ID",3,455,228,3,1
"ALAMANCE","127",8,809,2093,20,10
"WATAUGA","09",0,66,28,4,0
"WAKE","16-09",0,280,186,10,5
"SCOTLAND","ABSENTEE",2,540,1011,8,5
"WASHINGTON","TRANSFER",0,0,0,0,0
"RICHMOND","ABSENTEE MAIL",2,690,1115,9,7
"DURHAM","12",0,11,96,3,1
"MECKLENBURG","078.1",3,401,1105,21,6
"LENOIR","N",1,1568,753,7,2
"ALAMANCE","06N",4,560,997,15,4
"DURHAM","OS HVBC",13,2613,8582,99,26
"WILSON","PRWC",1,112,984,0,3
"CHEROKEE","MURS",2,1317,419,16,5
"HENDERSON","SE",0,576,273,10,1
"HERTFORD","M2",0,34,90,2,0
"CABARRUS","12-11",1,164,114,6,2
"BUNCOMBE","38.3",1,458,384,13,6
"GUILFORD","H17",1,45,86,2,1
"MECKLENBURG","118",1,811,949,24,2
"FORSYTH","065",6,1984,1319,36,4
"POLK","CL08",1,177,47,2,1
"DAVIDSON","74",4,2149,303,15,3
"WAKE","02-06",2,303,72,6,1
"MECKLENBURG","231",3,1171,1590,28,6
"RANDOLPH","SO",3,2402,423,14,6
"ORANGE","GL",0,81,78,3,0
"JONES","P06",0,190,18,0,0
"TYRRELL","15",0,73,58,0,1
"NEW HANOVER","H03",1,672,776,26,10
"FORSYTH","303",0,13,444,0,1
"DARE","BUX",1,135,33,4,0
"LENOIR","V",1,745,842,4,3
"ORANGE","SJ",0,75,89,3,0
"ONSLOW","HU20",5,1762,562,69,2
"HOKE","06B",4,1397,1491,39,8
"WAKE","07-13",0,143,103,7,4
"MECKLENBURG","146",6,315,2208,25,7
"VANCE","KITT",5,1557,1216,15,4
"NASH","P08A",2,286,236,5,1
"FORSYTH","707",3,407,734,8,2
"WAKE","OSCA 121-128",0,0,0,0,0
"GUILFORD","H22",1,61,89,3,1
"CUMBERLAND","G3A-1",3,795,1877,19,9
"CHEROKEE","BELL",1,745,217,8,1
"STOKES","17",0,255,46,6,1
"DAVIDSON","24",2,753,190,5,2
"ORANGE","OS COTC",5,693,5603,40,15
"CASWELL","ANDE",2,517,177,2,1
"MACON","06",0,242,71,4,0
"WAKE","06-07",1,376,214,15,4
"WAKE","16-02",2,137,324,11,1
"DURHAM","39",1,136,116,0,2
"STANLY","0014",1,678,171,5,0
"ASHE","TRANSFER",0,0,0,0,0
"FORSYTH","068",3,1488,784,22,3
"NEW HANOVER","ONE STOP SRC",9,4739,4655,90,17
"ROWAN","25",3,2304,447,15,0
"CARTERET","NRIV",0,235,295,0,1
"FORSYTH","012",3,1594,560,18,3
"GRAHAM","STEC",2,669,204,9,2
"HOKE","65",0,33,479,1,0
"PENDER","SH12",1,1220,496,15,1
"DAVIE","04",1,877,241,10,3
"GUILFORD","H24",2,176,87,5,0
"UNION","002",1,449,740,9,1
"DURHAM","01",1,19,114,0,1
"DURHAM","OS CJRC",7,371,5179,23,18
"SURRY","PM OS",0,3321,719,21,6
"CATAWBA","34",7,2482,909,25,11
"CATAWBA","12",3,254,763,9,2
"STANLY","0212",3,1304,386,16,2
"CUMBERLAND","LI65",2,1797,884,34,3
"GUILFORD","G10",0,70,240,3,2
"HERTFORD","BR",0,13,50,0,0
"WAKE","17-06",2,247,140,4,3
"DURHAM","53-2",1,95,122,7,1
"HENDERSON","HV-3",2,706,735,23,2
"WAKE","04-14",0,159,124,11,0
"MECKLENBURG","095",1,222,901,6,3
"WARREN","012",1,503,213,1,2
"GUILFORD","G40A1",0,120,80,5,1
"DAVIDSON","70",2,1370,260,11,0
"DURHAM","25",0,129,74,7,2
"WAKE","16-01",2,248,178,11,1
"HYDE","OS BOE",0,394,287,1,0
"GRAHAM","WEST",3,1257,300,10,2
"MECKLENBURG","090",2,512,490,12,2
"NORTHAMPTON","NEWTOW",0,147,35,0,0
"WATAUGA","19",0,213,59,8,0
"PENDER","CT03",0,68,89,2,0
"MCDOWELL","MAR 4",0,515,240,7,2
"ALAMANCE","12N",4,372,1818,15,14
"WATAUGA","04",0,129,87,9,1
"CABARRUS","01-11",0,297,129,11,3
"DAVIDSON","30",5,196,788,11,7
"ALLEGHANY","06A",0,201,49,1,1
"MECKLENBURG","243",5,2171,4010,76,18
"WAYNE","27",0,58,107,2,2
"WAKE","TRANS 121-128",0,0,0,0,0
"SWAIN","BC1",0,1166,529,16,3
"DAVIDSON","12",1,490,89,8,1
"WAKE","OSTA 1-40",21,3311,11793,206,56
"ONSLOW","EN03",15,3381,3608,166,20
"MECKLENBURG","008",1,669,622,7,1
"WAKE","OSAV 41-80",11,2130,2925,63,13
"NASH","P03A",0,350,98,5,1
"WAKE","09-01",3,410,144,11,1
"JOHNSTON","ABSENTEE",39,5441,10162,225,64
"DARE","ABSENTEE",7,1193,2635,32,10
"BRUNSWICK","11",1,1041,817,15,4
"WAKE","08-09",0,134,111,6,0
"CATAWBA","39",1,1310,696,18,2
"MCDOWELL","GLENWD",2,1164,287,8,2
"WAYNE","23",1,163,100,3,3
"BUNCOMBE","WVTH",7,5986,4278,53,16
"WILKES","108",1,149,51,2,0
"PENDER","GR06",1,613,546,10,4
"HALIFAX","RINGW",0,24,122,0,0
"MACON","01",2,203,62,7,3
"GUILFORD","G20",2,155,114,3,0
"MECKLENBURG","234",6,1098,1100,19,10
"AVERY","ABSENTEE SUPPLEMENTAL",0,14,14,1,1
"CURRITUCK","ONE STOP",9,6290,2391,84,12
"WAYNE","01",2,221,89,8,0
"WAKE","20-03",1,171,77,15,1
"ROBESON","17",0,142,109,0,1
"CUMBERLAND","G2D",5,1413,1798,29,8
"BUNCOMBE","32.1",1,247,329,2,4
"BURKE","0034",1,677,792,7,7
"CABARRUS","07-00",0,310,34,3,0
"CATAWBA","13",4,455,599,10,2
"MECKLENBURG","150",6,759,1575,18,7
"MECKLENBURG","101",1,758,769,23,4
"CRAVEN","17",2,1323,484,35,9
"NEW HANOVER","M06",1,416,484,14,3
"WAKE","04-16",1,175,175,15,1
"WAKE","01-12",0,208,189,4,0
"JOHNSTON","PR23A",0,452,103,14,2
"GASTON","15",12,3089,2214,49,6
"DAVIE","03",4,1583,309,19,6
"NASH","P09A",0,232,124,2,1
"CUMBERLAND","G2E-2",3,286,1469,20,8
"DURHAM","21",0,42,95,2,2
"COLUMBUS","P01A",3,750,431,3,2
"WAKE","01-37",0,181,111,11,0
"GATES","1",0,497,616,6,1
"MECKLENBURG","096",2,604,719,18,4
"MECKLENBURG","132",4,344,897,15,4
"BLADEN","P65",0,40,20,0,0
"STOKES","TRANSFER",0,0,0,0,0
"WAKE","12-04",1,611,183,11,1
"HERTFORD","ABSENTEE",2,184,822,1,0
"ASHE","03",0,309,75,1,0
"BUNCOMBE","05.1",0,170,750,3,4
"BEAUFORT","BOE OS",9,6947,4230,40,11
"EDGECOMBE","0104",0,120,90,5,0
"HENDERSON","RG",5,1011,450,12,2
"UNION","035",3,1069,588,9,2
"FORSYTH","073",4,1767,924,26,6
"CURRITUCK","CB",0,76,31,3,0
"WAKE","01-42",2,202,88,6,0
"MECKLENBURG","202",7,3196,2666,51,14
"MACON","03",0,236,61,4,2
"WAKE","OSCM 81-120",2,192,373,0,3
"CABARRUS","01-04",0,321,220,15,3
"FRANKLIN","08",4,1396,1012,22,4
"ROBESON","41",0,1705,471,8,3
"WAKE","16-10",1,67,258,7,3
"FORSYTH","082",5,1653,2090,26,11
"MONTGOMERY","T2",0,750,347,8,1
"GUILFORD","G04",3,32,218,3,2
"HYDE","LL",0,109,80,2,0
"BUNCOMBE","21.1",4,225,677,7,1
"ONSLOW","TL06",2,1820,832,57,3
"BUNCOMBE","55.1",1,304,572,17,3
"WILSON","PRCR",3,1240,528,13,2
"ORANGE","WW1",0,30,112,5,1
"CATAWBA","36",5,1120,793,16,5
"ORANGE","ENO",0,217,79,2,2
"MECKLENBURG","149",6,555,2860,35,13
"PITT","1403A1",1,174,104,7,1
"CHATHAM","MCH110",8,2078,5558,81,14
"WAKE","OSCS 1-40",13,6220,9812,117,21
"BEAUFORT","WASH4",0,129,74,2,0
"LINCOLN","TRANSFER",0,0,0,0,0
"CLEVELAND","MULLS",5,1295,244,7,2
"ROWAN","24",4,923,229,7,4
"BERTIE","M2",0,118,85,2,1
"CARTERET","ABCH",2,898,292,4,3
"MECKLENBURG","009",5,905,1751,36,3
"MECKLENBURG","117",5,295,1004,13,10
"NEW HANOVER","W17",3,233,432,3,3
"PENDER","UH08",1,173,466,1,0
"WAKE","01-29",3,224,132,7,0
"SURRY","MA OS",11,9046,2331,60,12
"WAKE","19-05",1,413,119,7,0
"HAYWOOD","EF",2,700,160,5,0
"WAYNE","17",0,12,93,0,0
"EDGECOMBE","PROVISIONAL",0,37,50,2,0
"PASQUOTANK","PROVISIONAL",0,44,78,1,1
"CUMBERLAND","CC27",5,640,1971,43,6
"IREDELL","DV1-B",6,5784,2624,61,18
"MOORE","WKWD",0,148,42,10,0
"GUILFORD","FR2",0,144,80,9,0
"LENOIR","T2",0,618,105,4,0
"BUNCOMBE","08.2",0,146,550,14,6
"GUILFORD","G62",0,95,85,0,0
"DURHAM","22",1,49,381,5,4
"HENDERSON","ES",5,1006,436,19,4
"DAVIDSON","58",3,1851,342,20,5
"CUMBERLAND","G8B",3,875,1042,40,5
"CATAWBA","17",0,741,451,17,6
"FORSYTH","052",2,556,495,9,2
"BUNCOMBE","66.1",1,151,254,6,0
"SURRY","DOB OS",7,4892,1235,25,3
"FORSYTH","053",5,1385,845,24,2
"ROCKINGHAM","LI",3,2223,739,14,2
"MECKLENBURG","057",1,614,701,14,3
"HAYWOOD","SA",1,987,428,12,1
"ONSLOW","RL09",3,3096,1171,73,8
"PITT","0800A",1,149,95,5,0
"GUILFORD","G41B",3,118,87,5,1
"ROCKINGHAM","LK-2",0,1617,910,15,3
"BERTIE","IW",0,7,55,0,0
"ALAMANCE","08N",3,1467,845,16,10
"GRANVILLE","BTNR",3,955,1215,12,4
"MECKLENBURG","225",6,761,809,13,6
"WAKE","ABSEN 121-128",0,9,6,0,0
"CHEROKEE","MURN",2,1122,431,8,9
"JOHNSTON","PROVIDENCE",10,5401,1664,54,2
"GREENE","BEAR",0,456,245,1,0
"MARTIN","HM",2,118,105,2,0
"CABARRUS","10-00",4,845,156,13,2
"ORANGE","UNC",0,47,86,4,2
"WAYNE","2530",0,151,134,1,1
"ORANGE","GB",1,202,159,6,0
"MADISON","BEECH",3,1369,710,16,7
"DAVIE","TRANSFER",0,0,0,0,0
"CARTERET","MHD1",2,1275,630,20,2
"ROWAN","45",0,560,450,5,7
"CHATHAM","6",2,564,97,0,0
"UNION","038B",3,1200,811,20,3
"ALEXANDER","T2T3",1,1598,584,14,3
"GUILFORD","SF4",1,339,134,12,2
"SURRY","11",1,168,54,1,0
"DAVIDSON","86A",3,1372,759,28,7
"CUMBERLAND","G4C",3,372,953,19,6
"CLEVELAND","SHANGI",1,1517,568,13,1
"CABARRUS","12-04",2,212,140,7,2
"BERTIE","ABSENTEE BY MAIL",1,153,612,5,5
"MECKLENBURG","139.1",1,1178,1095,24,8
"ROBESON","01",0,530,173,3,0
"DURHAM","OS SHS",10,1279,6532,34,16
"GUILFORD","H07",0,30,172,2,1
"NASH","P22A",1,18,223,1,4
"NEW HANOVER","W30",2,427,825,25,2
"PENDER","RP20",1,809,578,17,6
"MARTIN","PP",0,57,20,0,0
"LEE","B1",1,359,85,3,1
"CATAWBA","33",8,2485,845,21,5
"SCOTLAND","03",1,194,125,4,2
"CATAWBA","05",3,1878,605,16,6
"CABARRUS","OS KTD",8,7831,5810,99,22
"DUPLIN","CYCK",0,364,41,2,0
"JOHNSTON","PR10A",1,169,150,9,1
"NEW HANOVER","CF02",2,411,321,13,2
"SAMPSON","KFRK",0,831,529,5,3
"DAVIDSON","42",5,1547,153,6,3
"BUNCOMBE","12.1",0,100,540,10,5
"GRANVILLE","CRDM",1,1861,2024,39,12
"CUMBERLAND","G7B",1,716,242,8,1
"CUMBERLAND","CC34",2,897,743,29,3
"MECKLENBURG","035",0,473,696,8,1
"YANCEY","09 SOU",2,865,677,5,6
"CHATHAM","21",1,713,660,13,1
"ROCKINGHAM","WS",11,3400,1533,33,7
"WAKE","19-18",2,280,125,19,1
"CABARRUS","02-03",0,461,225,18,4
"RICHMOND","12",0,165,77,1,0
"CHEROKEE","HOTH",2,871,231,6,4
"FORSYTH","505",1,314,997,3,4
"HALIFAX","SN",0,103,190,0,0
"NORTHAMPTON","OS SEVERN",1,266,348,1,0
"HENDERSON","OS FLAT ROCK",0,0,0,0,0
"COLUMBUS","P04",0,167,93,0,2
"LENOIR","K7",1,229,1011,7,2
"GUILFORD","G24",0,55,77,4,2
"GUILFORD","FR3",1,135,69,3,0
"BUNCOMBE","36.1",0,195,262,12,1
"ASHE","12",0,366,146,3,1
"WAKE","OSLH 41-80",4,1564,2907,50,6
"BEAUFORT","BELHAVEN OS",4,895,492,5,1
"HARNETT","PR24",4,605,173,10,1
"LINCOLN","LW18",0,134,35,4,0
"FORSYTH","905",3,518,1536,22,2
"MECKLENBURG","204.1",5,534,2841,18,8
"ALEXANDER","S1S2",2,1756,372,15,1
"DURHAM","04",1,34,103,5,1
"MECKLENBURG","018",0,519,485,9,1
"HALIFAX","OS HALIFAX",2,952,3239,0,2
"BUNCOMBE","34.1",3,131,242,6,2
"RUTHERFORD","09A",3,2201,398,10,6
"FORSYTH","702",2,335,899,15,5
"SAMPSON","CLEM",0,844,303,6,0
"WAKE","01-11",0,270,147,8,0
"ALAMANCE","07",1,1996,581,20,9
"BUNCOMBE","WACC",3,1413,6023,45,39
"NEW HANOVER","CF01",2,540,635,18,3
"BURKE","0022",0,1114,321,7,3
"TRANSYLVANIA","TC7",5,965,368,13,3
"MECKLENBURG","237",2,489,2007,29,8
"STOKES","02",0,578,91,4,0
"HERTFORD","UN",0,84,56,0,0
"LENOIR","T1",0,848,157,0,0
"GUILFORD","SDRI",0,541,187,12,2
"WAKE","10-01",1,184,57,1,0
"CLEVELAND","MRB-YO",2,968,221,9,2
"SURRY","30",1,273,84,5,1
"MECKLENBURG","028",0,216,1086,5,4
"MOORE","VSS",1,156,35,5,3
"COLUMBUS","P10",0,587,51,0,0
"WAYNE","04",0,336,100,5,1
"MECKLENBURG","205",5,716,1723,16,4
"COLUMBUS","P16B",2,864,382,4,1
"JOHNSTON","CLAYTON",17,9411,7626,154,32
"YADKIN","NLIB",1,398,94,7,1
"MECKLENBURG","120",2,235,1053,14,9
"MECKLENBURG","074",3,942,981,16,4
"JONES","PROVISIONAL",0,9,10,1,0
"STANLY","0013",2,1223,298,14,1
"GUILFORD","CG3B",0,163,104,3,1
"MECKLENBURG","029",0,275,895,14,3
"GASTON","13",1,1381,873,13,7
"MACON","08",0,110,16,0,0
"RICHMOND","08",0,233,245,0,1
"WAKE","20-11",4,395,211,12,1
"PASQUOTANK","NORTH",0,134,129,6,2
"WAKE","01-36",0,212,119,5,0
"ROBESON","02",3,771,714,3,1
"ROBESON","09",1,526,396,3,2
"CUMBERLAND","LR63",10,748,2438,45,15
"TRANSYLVANIA","CM",2,347,341,6,1
"ROWAN","36",5,811,1238,15,10
"PENDER","LT18",8,2568,1021,42,3
"NEW HANOVER","H10",2,443,640,24,7
"WAKE","01-40",0,65,400,2,0
"BRUNSWICK","08",6,2626,1810,37,5
"GUILFORD","ONE-STOP",229,73211,115511,1194,377
"HALIFAX","ENF 2",0,21,229,1,0
"PITT","0101",1,309,210,12,4
"CATAWBA","40",1,708,467,12,5
"MOORE","NSP",0,230,138,9,0
"FORSYTH","301",2,21,538,3,3
"BURKE","0062",1,481,158,4,2
"DUPLIN","WARS",0,131,207,1,4
"DURHAM","OS MSUMC",7,4232,4440,66,13
"RANDOLPH","LC",1,1490,323,8,7
"BUNCOMBE","40.2",3,454,442,18,7
"FORSYTH","404",3,270,1585,20,5
"DUPLIN","CFRK",0,263,15,4,0
"JOHNSTON","PR27A",1,122,91,2,0
"WAKE","PROVI 41-80",1,164,262,6,3
"ROWAN","15",2,2069,622,26,7
"IREDELL","EM",1,816,168,1,1
"CARTERET","NPT1",9,1913,659,28,5
"GUILFORD","G64",0,108,207,3,1
"HOKE","04",2,423,315,6,2
"WAKE","OSBR 121-128",0,0,0,0,0
"BUNCOMBE","20.1",2,42,285,6,1
"HAYWOOD","HA",0,410,205,14,3
"RANDOLPH","LB",4,1362,732,12,3
"GUILFORD","JAM2",1,117,65,4,2
"ROBESON","21",2,855,611,10,3
"MOORE","EUR-WP",0,565,100,18,1
"FORSYTH","306",0,155,855,7,4
"HENDERSON","SB",3,1586,437,16,12
"ALAMANCE","1210",3,636,760,12,7
"BRUNSWICK","17",2,3312,1944,16,8
"MECKLENBURG","236",3,2320,1230,32,7
"GUILFORD","G54",0,46,257,1,1
"EDGECOMBE","1202",1,5,195,1,0
"CATAWBA","16",6,1090,808,20,5
"ROBESON","29",2,375,568,0,2
"JACKSON","CFK",1,279,185,10,4
"PITT","0800B",0,152,89,5,0
"MECKLENBURG","207",5,2051,1559,29,6
"LENOIR","K4",3,957,1084,9,0
"ONSLOW","BM08",7,2313,2383,90,10
"WILKES","PROVISIONAL",0,102,11,0,0
"ALAMANCE","03S",12,2624,2710,58,20
"GASTON","42",1,1588,721,16,1
"GUILFORD","SUM2",0,111,144,5,2
"DURHAM","47",0,22,135,1,1
"STOKES","15",0,276,48,2,0
"MECKLENBURG","063",1,320,987,9,2
"GASTON","34",5,1472,301,9,0
"ROBESON","33",0,217,146,4,0
"BEAUFORT","TRANSFER",0,0,0,0,0
"WAKE","20-09",1,254,151,15,1
"STOKES","01",0,183,23,0,0
"ROWAN","33",1,1340,175,10,3
"LINCOLN","CITY OS",7,4277,2004,43,11
"CHEROKEE","CSON",2,547,134,3,2
"EDGECOMBE","TRANSFER",0,0,0,0,0
"UNION","043",1,96,529,2,1
"MONTGOMERY","WAD",0,168,199,0,0
"ROBESON","40",1,192,181,1,1
"IREDELL","DV2-A",5,2491,1061,37,6
"MOORE","PDN",0,295,107,14,0
"CHATHAM","18",4,1242,651,22,5
"GRANVILLE","EAOX",1,464,997,7,8
"BLADEN","MAIL ABSENTEE",4,551,792,8,2
"CASWELL","PELH",1,1573,659,10,2
"FORSYTH","403",1,87,981,2,7
"PITT","1102B",1,490,168,12,2
"MECKLENBURG","PROVISIONAL",4,295,598,12,4
"ROBESON","20",0,471,327,2,1
"WAKE","01-21",1,149,295,12,3
"SAMPSON","CLNE",2,980,567,6,1
"IREDELL","BA",6,3080,1062,34,7
"NASH","P16A",0,126,131,0,0
"LENOIR","K5",2,229,780,2,2
"GUILFORD","SUM3",0,236,53,2,0
"WAKE","01-07A",0,24,58,0,0
"JOHNSTON","PR33",1,341,85,8,1
"WILSON","PRWJ",2,1134,1674,19,2
"CUMBERLAND","G11B",4,884,862,77,9
"CUMBERLAND","CC29",6,459,1024,18,5
"PENDER","NB02",2,1101,560,9,4
"MECKLENBURG","134",4,2237,2245,62,16
"GREENE","BULL",1,348,295,2,0
"GUILFORD","STOK",0,526,91,9,0
"FORSYTH","602",6,1201,2172,41,5
"WAKE","07-09",1,199,173,8,0
"CUMBERLAND","CC10",4,324,478,7,3
"WAKE","17-03",0,253,300,14,2
"IREDELL","TB",1,1397,502,14,1
"STANLY","0024",2,2465,507,21,3
"MECKLENBURG","128",3,570,1259,18,2
"NORTHAMPTON","GASTON",0,109,162,0,0
"HYDE","TRANSFER",0,0,0,0,0
"MOORE","PHB1",2,223,64,3,0
"MECKLENBURG","067",1,476,483,7,0
"BLADEN","PROVISIONAL",0,28,18,0,0
"GUILFORD","G60",0,63,133,3,2
"SURRY","17",0,157,26,2,0
"CUMBERLAND","G4B",2,703,609,12,5
"ANSON","BURN",1,821,238,4,0
"WAKE","01-14",0,128,212,12,1
"EDGECOMBE","0103",0,193,119,1,0
"WAKE","OSWA 121-128",0,1,0,0,0
"FORSYTH","034",2,1120,671,9,4
"ORANGE","WC",3,217,144,4,1
"WILKES","118",3,183,114,6,0
"RICHMOND","11",0,112,62,3,2
"UNION","020A",5,2601,2177,49,14
"FORSYTH","081",1,936,1676,22,7
"GUILFORD","FEN2",1,218,79,7,0
"GUILFORD","NCLAY1",1,233,91,5,1
"WAKE","01-44",1,163,216,7,2
"HAYWOOD","TRANSFER",0,0,0,0,0
"SURRY","ABSENTEE",9,2413,2506,38,13
"ALAMANCE","04",5,2449,710,17,9
"GASTON","41",4,2000,793,21,4
"MECKLENBURG","072",1,442,551,10,1
"MONTGOMERY","ELD",0,993,252,9,0
"WAKE","04-21",0,118,178,7,2
"BUNCOMBE","28.1",0,57,500,7,5
"WILKES","105",0,410,40,4,0
"GUILFORD","GIB",3,240,130,5,2
"FORSYTH","054",1,1240,982,14,2
"DAVIDSON","OS BOE",0,0,0,0,0
"HALIFAX","HAL",0,50,87,0,0
"ASHE","06",0,289,94,3,1
"HENDERSON","ED",3,1433,462,12,1
"POLK","GC09",2,470,82,1,2
"FORSYTH","504",2,141,689,3,5
"SURRY","10",0,237,10,0,0
"UNION","028D",8,2264,1831,42,4
"CAMDEN","SM",2,556,90,10,1
"GASTON","06",2,307,872,4,3
"POLK","CL07",0,208,41,4,3
"NEW HANOVER","PROVISIONAL",0,0,0,0,0
"BUNCOMBE","57.1",2,392,536,7,1
"MECKLENBURG","021",0,472,912,19,4
"DARE","HAT",0,149,48,2,0
"DURHAM","OS NRL",14,3342,8472,87,22
"PENDER","UT14",4,2601,1083,46,8
"HENDERSON","SM",8,1853,622,20,1
"COLUMBUS","P17",0,306,515,2,0
"WILSON","PRWP",2,821,569,10,1
"BEAUFORT","BELHV",0,164,85,3,1
"MECKLENBURG","206",4,1425,2280,36,2
"HAYWOOD","BE-1",0,656,191,9,4
"MECKLENBURG","218",2,1137,644,22,2
"UNION","012",5,1855,274,15,5
"UNION","025",1,1208,376,7,2
"ORANGE","RF",0,34,87,4,1
"LINCOLN","LB34",0,376,69,4,5
"WAKE","OSRB 121-128",0,0,0,0,0
"GUILFORD","G51",0,93,171,5,1
"PASQUOTANK","PRO",3,558,146,13,1
"GUILFORD","G49",0,44,102,3,2
"CURRITUCK","PROVISIONAL",0,32,7,0,0
"MARTIN","W",1,191,41,2,0
"LINCOLN","DW28",0,258,44,7,0
"SAMPSON","AUTR",3,1034,230,7,1
"DAVIE","10",1,1410,404,15,2
"HAYWOOD","FC-1",0,388,131,4,1
"CUMBERLAND","AH49",1,688,1655,24,8
"NEW HANOVER","W21",2,428,796,18,4
"BUNCOMBE","REYV",9,1897,4327,60,9
"RANDOLPH","PR",4,3799,666,31,9
"DARE","FRCO",0,96,33,2,0
"MECKLENBURG","010",0,592,1080,13,3
"MECKLENBURG","239",3,559,1663,12,8
"NEW HANOVER","ABSENTEE",0,0,0,0,0
"JACKSON","BCK",2,690,337,12,6
"BUNCOMBE","BMBL",8,2837,3644,53,20
"EDGECOMBE","0101",0,41,144,3,2
"JACKSON","SCC",3,848,491,15,3
"WATAUGA","14",0,198,119,11,2
"WAKE","19-12",5,482,236,11,5
"MECKLENBURG","140",3,1702,1650,30,11
"ROWAN","31",3,960,315,9,2
"MECKLENBURG","083",4,639,1358,16,7
"NEW HANOVER","ONE STOP GVT",7,5169,6359,117,42
"LENOIR","SH",1,457,101,3,0
"STOKES","ONE STOP KING",7,7282,1403,61,11
"DUPLIN","SMCA",1,212,42,3,0
"DURHAM","48",1,26,55,6,1
"FORSYTH","705",1,597,1226,15,6
"FORSYTH","074",5,1324,1533,28,8
"MECKLENBURG","033",1,300,953,6,5
"WAKE","OSTA 81-120",0,153,470,4,0
"ROWAN","39",2,651,685,12,4
"GASTON","28",1,2027,1149,35,8
"WATAUGA","12",1,60,89,5,4
"BUNCOMBE","SBBL",11,4047,4572,88,31
"MECKLENBURG","068",3,303,810,7,2
"WILKES","106",0,254,46,0,0
"WAKE","01-02",0,119,128,4,3
"HALIFAX","HOL",0,59,272,1,0
"PITT","OS FARMVILLE",4,2120,2095,15,5
"YADKIN","NKNB",2,618,131,9,1
"NEW HANOVER","W12",0,221,373,7,2
"AVERY","14",0,142,15,0,0
"CHEROKEE","ANNW",4,871,269,3,5
"ORANGE","EH",0,39,51,3,1
"STANLY","0021",1,998,144,2,0
"MECKLENBURG","092",4,850,879,21,6
"SURRY","16",0,212,46,0,0
"HERTFORD","A1",0,84,147,0,0
"JONES","ABSENTEE",1,202,238,5,1
"CUMBERLAND","G9A",1,1010,1086,26,5
"WAKE","01-10",0,166,158,5,0
"CLAY","HAY2",3,786,305,8,4
"CABARRUS","12-08",0,147,103,2,1
"WAKE","20-17",0,232,168,8,1
"WAKE","04-08",1,174,196,10,0
"GASTON","14",4,560,375,7,2
"MACON","ONE STOP HOS",1,1048,665,16,1
"FORSYTH","304",3,44,1374,1,5
"GUILFORD","G35",0,86,43,5,0
"BUNCOMBE","50.1",3,398,181,5,2
"DARE","EL",0,38,9,1,0
"IREDELL","DV2-B",8,2763,1789,52,6
"CALDWELL","PR17",0,134,60,2,0
"JOHNSTON","PR12A",1,353,174,12,3
"LENOIR","K2",2,25,552,1,0
"MECKLENBURG","061",3,371,991,7,5
"JOHNSTON","PR35",0,386,150,15,0
"WAKE","18-04",0,387,197,13,0
"CURRITUCK","CH",2,616,87,20,2
"CURRITUCK","MY",2,1190,191,35,5
"MECKLENBURG","088",1,794,916,23,3
"FORSYTH","204",2,78,985,10,7
"CRAVEN","VE14",3,2065,1193,20,6
"CARTERET","BCRK",3,1198,320,9,3
"GUILFORD","SWASH",1,178,32,2,0
"GUILFORD","G40B",0,108,93,2,0
"MECKLENBURG","091",3,1515,1350,39,10
"WAKE","ABSEN 81-120",10,2001,6750,84,19
"WAKE","13-07",1,153,208,3,0
"WILKES","109",0,254,51,1,0
"WAKE","12-06",3,209,108,7,2
"MECKLENBURG","002",2,521,1428,23,6
"WATAUGA","05",0,43,60,8,1
"PITT","0200B",1,180,213,3,1
"TRANSYLVANIA","CC",2,1243,582,19,3
"HALIFAX","BUTWD",0,58,28,0,1
"CUMBERLAND","G5C",3,480,1008,20,9
"FORSYTH","807",1,760,871,14,4
"WAKE","01-18",2,208,154,8,1
"WAKE","01-01",0,74,125,5,1
"HENDERSON","RR",3,457,190,5,3
"WAKE","03-00",0,508,244,19,3
"LENOIR","K3",1,185,724,5,2
"WAKE","04-04",1,120,142,2,0
"JOHNSTON","PR10B",0,195,85,3,0
"WAKE","08-08",2,298,175,15,2
"MECKLENBURG","216",4,1513,1470,39,9
"CURRITUCK","GW",0,180,25,3,0
"ROCKINGHAM","MA",3,2272,861,14,3
"LEE","OS MCSWAIN",12,8394,3643,69,19
"WAKE","19-21",1,271,155,13,0
"ORANGE","ABSENTEE",18,2594,23097,163,72
"CLEVELAND","KM N",13,2407,1233,27,8
"GASTON","02",1,656,947,18,6
"DURHAM","PROVISIONAL",2,103,288,6,4
"YANCEY","08 CRA",5,1411,559,12,5
"BUNCOMBE","38.2",1,212,227,5,3
"SAMPSON","KEEN",1,695,260,7,0
"BUNCOMBE","TCRK",3,2394,3459,53,10
"CABARRUS","02-01",1,259,98,6,0
"PITT","1507",0,135,154,6,2
"CARTERET","MHD4",2,1676,664,19,1
"WAKE","OSWO 121-128",0,0,0,0,0
"WAKE","01-23",1,134,219,4,8
"CATAWBA","24",5,2424,840,23,9
"CABARRUS","TRANSFER",0,0,0,0,0
"ALLEGHANY","01",0,165,29,1,0
"PITT","1508A",0,104,58,8,1
"GUILFORD","G25",2,152,125,5,0
"GASTON","29",3,2666,1261,31,9
"CLEVELAND","OAKGRV",3,2227,575,28,1
"TYRRELL","14",0,36,1,0,0
"GUILFORD","G42B",0,65,64,0,1
"MACON","PROVISIONAL",0,37,5,0,0
"WAKE","01-16",1,151,139,7,1
"WATAUGA","20",0,129,75,3,0
"DARE","KDH",2,436,187,19,4
"GUILFORD","NDRI",2,301,66,1,0
"WAYNE","24",0,484,64,10,1
"BUNCOMBE","41.1",4,456,334,14,3
"CHATHAM","42",2,1016,810,17,6
"CABARRUS","ABSENTEE",30,7184,14166,212,84
"WAKE","06-05",2,236,92,8,0
"ORANGE","OS CARRBORO",8,924,7490,48,37
"WAKE","OSLL 1-40",17,5004,8497,134,29
"CALDWELL","PROVISIONAL",0,112,34,1,0
"GASTON","38",1,1964,367,12,2
"MECKLENBURG","079",1,392,963,5,7
"RANDOLPH","RM",0,1535,619,12,2
"FORSYTH","033",2,773,1147,11,3
"ROBESON","12",0,444,797,5,2
"WAKE","OSOP 41-80",4,2121,2751,45,4
"HYDE","BM",0,153,8,1,0
"CARTERET","MHD3",4,1842,810,22,8
"CALDWELL","PR16",0,75,62,1,0
"BRUNSWICK","12",1,1849,707,10,2
"FORSYTH","051",7,1424,1070,32,6
"LINCOLN","EAST OS",17,12346,3850,103,20
"RUTHERFORD","10A",2,817,192,9,0
"NEW HANOVER","CF05",3,309,483,15,5
"HARNETT","OS ERWIN",9,6729,3041,59,8
"TRANSYLVANIA","B1",2,534,883,18,3
"PERQUIMANS","BETHEL",2,1485,639,9,9
"MOORE","TLT",0,35,119,1,1
"FORSYTH","031",3,993,668,11,2
"RICHMOND","04",0,119,120,3,0
"PERSON","OLHI",1,1002,357,8,1
"RUTHERFORD","28",0,881,321,7,2
"BRUNSWICK","20",3,2164,765,20,5
"GUILFORD","G42A",0,151,87,3,0
"DURHAM","18",1,31,201,4,1
"NASH","P07A",0,199,40,1,0
"CUMBERLAND","CC07",4,428,362,14,2
"CHEROKEE","UNKA",2,351,91,0,1
"NEW HANOVER","FP07",3,641,752,14,5
"GASTON","43",3,2381,1098,30,13
"CLEVELAND","BETHWR",1,1138,324,12,3
"CAMDEN","CH",0,283,62,10,0
"GASTON","16",4,2411,1319,35,9
"ROWAN","42",2,54,840,3,3
"CUMBERLAND","CC32",1,175,694,14,1
"CABARRUS","PROVISIONAL",2,227,175,8,2
"ORANGE","OS EFLAND",8,4267,3460,61,9
"CUMBERLAND","AL51",5,2776,1345,41,7
"JOHNSTON","PR11B",2,263,155,6,4
"FORSYTH","075",1,409,189,14,2
"BUNCOMBE","52.1",6,378,382,9,3
"DAVIE","05",1,1481,345,9,3
"CRAVEN","N2",1,352,1166,7,4
"HARNETT","ABSENTEE",14,3545,5117,147,39
"COLUMBUS","P06",1,532,152,1,0
"MECKLENBURG","053",3,177,1637,19,5
"WAKE","OSKD 121-128",0,0,0,0,0
"BUNCOMBE","33.3",2,209,290,9,3
"MCDOWELL","CCREEK",3,1099,451,17,6
"WAKE","01-38",0,133,143,8,3
"PERQUIMANS","WEST H",1,419,228,6,0
"WILKES","123",0,353,34,1,2
"GUILFORD","H13",4,158,96,5,1
"CALDWELL","PR14",1,228,50,4,0
"BUNCOMBE","LSKY",7,3262,2496,37,12
"WAKE","04-11",1,86,98,3,1
"LENOIR","K8",0,22,666,3,1
"NORTHAMPTON","JARE",0,45,43,0,0
"HENDERSON","HC",4,1564,630,26,7
"ROBESON","36",1,363,348,0,1
"COLUMBUS","P03",0,305,90,0,0
"WAKE","16-05",0,240,144,4,1
"CABARRUS","04-08",1,199,85,1,2
"CALDWELL","PR32",0,423,66,5,2
"ONSLOW","GB12",4,2513,1025,71,8
"LINCOLN","LW31",1,273,56,7,2
"HYDE","OS OCK",0,85,254,2,1
"BUNCOMBE","33.2",0,159,197,1,2
"CLEVELAND","S S",4,2315,2057,23,13
"WAKE","01-25",0,11,71,3,0
"RANDOLPH","AE",7,1672,1472,26,10
"BUNCOMBE","62.1",1,281,525,11,1
"BUNCOMBE","51.2",0,270,257,8,3
"ORANGE","CW",1,565,127,10,0
"LEE","E1",3,358,108,12,0
"RUTHERFORD","19",0,1223,293,4,3
"JOHNSTON","ARCHER LODGE",19,9540,4525,148,23
"WILKES","128",1,527,80,1,2
"CHATHAM","30",1,845,641,10,6
"CARTERET","STEL",1,1027,249,24,5
"CUMBERLAND","CU02",1,593,767,11,6
"PENDER","CL05",2,438,729,6,3
"HAYWOOD","ABSENTEE",7,1905,4158,42,16
"PITT","OS COMM SCHOOLS",14,7388,5202,84,23
"NEW HANOVER","ONE STOP PVL",14,4711,4393,96,12
"WAKE","19-15",0,216,136,10,0
"BERTIE","C2",0,32,73,0,0
"JOHNSTON","PR26",0,104,122,6,2
"HAYWOOD","WW",2,704,355,13,1
"SURRY","05",1,316,43,2,1
"WAKE","ABSEN 1-40",196,27979,100155,1548,423
"STANLY","0015",1,643,392,5,0
"HYDE","SLAD",0,105,49,0,2
"UNION","007",4,1828,1014,24,1
"IREDELL","CH-B",4,1633,576,24,6
"BUNCOMBE","14.3",1,76,214,6,3
"ALAMANCE","10S1",13,2090,2598,45,16
"CRAVEN","N1",0,616,934,15,4
"CATAWBA","01",3,2385,434,13,3
"SAMPSON","LAKE",4,787,1203,10,1
